eval,J,J_nonqs,J_iota,J_mr,residual_norm,major_radius,iota,lsq_nfev,best_J,boozer_norm,normal_norm,pressure_norm,jump_norm,sheet_current_norm
1.000000000000000000e+00,3.638518435890079547e-03,3.638518435890079547e-03,0.000000000000000000e+00,0.000000000000000000e+00,1.991705400329535417e-15,1.471417940459596840e+00,-3.099999999999938360e-01,1.000000000000000000e+00,3.638518435890079547e-03,1.991400508718571075e-15,3.484846503993438930e-17,0.000000000000000000e+00,7.849317303981216749e-21,6.246288244126799114e-15
2.000000000000000000e+00,3.638518385060314237e-03,3.638518385060264364e-03,0.000000000000000000e+00,4.999997718779501239e-17,1.941292283020940095e-15,1.471417950459594559e+00,-3.099999999999938360e-01,1.000000000000000000e+00,3.638518435890079547e-03,1.940732993461181788e-15,4.659588121543751136e-17,0.000000000000000000e+00,7.849317298420063942e-21,6.246288239701374632e-15
3.000000000000000000e+00,3.638519038151117897e-03,3.638519038151117897e-03,0.000000000000000000e+00,0.000000000000000000e+00,1.981306379715827950e-15,1.471417940459596840e+00,-3.099999999999938360e-01,1.000000000000000000e+00,3.638518435890079547e-03,1.980875064381131575e-15,4.133944307893841067e-17,0.000000000000000000e+00,7.849317308637053084e-21,6.246288247831796373e-15
4.000000000000000000e+00,3.638518775860086121e-03,3.638518775860086121e-03,0.000000000000000000e+00,9.860761315262647568e-32,1.994660378313993900e-15,1.471417940459597284e+00,-3.099999999999938360e-01,1.000000000000000000e+00,3.638518435890079547e-03,1.993977422125312548e-15,5.219257426690458639e-17,0.000000000000000000e+00,7.849317303348554781e-21,6.246288243623342562e-15
5.000000000000000000e+00,3.638518387111575741e-03,3.638518387111575741e-03,0.000000000000000000e+00,1.577721810442023611e-30,2.028208635058884252e-15,1.471417940459595064e+00,-3.099999999999938360e-01,1.000000000000000000e+00,3.638518435890079547e-03,2.027677200867068927e-15,4.642667713393160896e-17,0.000000000000000000e+00,7.849317304505889719e-21,6.246288244544321892e-15
6.000000000000000000e+00,3.638518443261796933e-03,3.638518443261796933e-03,0.000000000000000000e+00,8.874685183736382811e-31,1.982496430343016069e-15,1.471417940459595508e+00,-3.099999999999938360e-01,1.000000000000000000e+00,3.638518435890079547e-03,1.982078187253112949e-15,4.072046017180375723e-17,0.000000000000000000e+00,7.849316875460040693e-21,6.246287903120482450e-15
7.000000000000000000e+00,3.638518370354218087e-03,3.638518370354199873e-03,0.000000000000000000e+00,1.816739276278153209e-17,1.974315130974033570e-15,1.471417946487431072e+00,-3.099999999999938360e-01,1.000000000000000000e+00,3.638518435890079547e-03,1.973771221336676585e-15,4.634007072207786196e-17,0.000000000000000000e+00,7.849317354415219202e-21,6.246288284260903094e-15
8.000000000000000000e+00,3.638518479289239681e-03,3.638518479289239681e-03,0.000000000000000000e+00,8.026784521260177507e-20,2.001899941537102633e-15,1.471417940860265894e+00,-3.099999999999938360e-01,1.000000000000000000e+00,3.638518435890079547e-03,2.001362166470704791e-15,4.639886296375191385e-17,0.000000000000000000e+00,7.849317291392128908e-21,6.246288234108721579e-15
9.000000000000000000e+00,3.638518431489269536e-03,3.638518431489269536e-03,0.000000000000000000e+00,5.565775222273177208e-22,1.970768050266883309e-15,1.471417940426232862e+00,-3.099999999999938360e-01,1.000000000000000000e+00,3.638518435890079547e-03,1.970321055508266083e-15,4.197196816821819239e-17,0.000000000000000000e+00,7.849317374866873911e-21,6.246288300535812754e-15
1.000000000000000000e+01,3.638518420832132037e-03,3.638518420832119460e-03,0.000000000000000000e+00,1.249998874583551260e-17,2.038106777845988958e-15,1.471417945459594590e+00,-3.099999999999938360e-01,1.000000000000000000e+00,3.638518435890079547e-03,2.037643626068191673e-15,4.344756591363341679e-17,0.000000000000000000e+00,7.849317438731168276e-21,6.246288351357403490e-15
1.100000000000000000e+01,3.638518442826756908e-03,3.638518442826756908e-03,0.000000000000000000e+00,9.860761315262647568e-32,1.996014247015544238e-15,1.471417940459596396e+00,-3.099999999999938360e-01,1.000000000000000000e+00,3.638518435890079547e-03,1.995634539056930611e-15,3.893148790440025119e-17,0.000000000000000000e+00,7.849317197640174845e-21,6.246288159503286151e-15
1.200000000000000000e+01,3.638518428564989360e-03,3.638518428564989360e-03,0.000000000000000000e+00,0.000000000000000000e+00,2.010663602047020646e-15,1.471417940459596840e+00,-3.099999999999938360e-01,1.000000000000000000e+00,3.638518435890079547e-03,2.010126136091414397e-15,4.648696093841471206e-17,0.000000000000000000e+00,7.849317460864602189e-21,6.246288368970632242e-15
1.300000000000000000e+01,3.638518441032825151e-03,3.638518441032825151e-03,0.000000000000000000e+00,9.860761315262647568e-32,1.976424164816154700e-15,1.471417940459596396e+00,-3.099999999999938360e-01,1.000000000000000000e+00,3.638518435890079547e-03,1.975985496554485134e-15,4.163888343781474420e-17,0.000000000000000000e+00,7.849317182850812852e-21,6.246288147734287661e-15
1.400000000000000000e+01,3.638518437844890426e-03,3.638518437844890426e-03,0.000000000000000000e+00,2.465190328815661892e-32,1.980100143030066747e-15,1.471417940459596618e+00,-3.099999999999938360e-01,1.000000000000000000e+00,3.638518435890079547e-03,1.979735239095678424e-15,3.801262223073356169e-17,0.000000000000000000e+00,7.849317703185259759e-21,6.246288561803282624e-15
1.500000000000000000e+01,3.638518434648038789e-03,3.638518434648038789e-03,0.000000000000000000e+00,3.944304526105059027e-31,1.936965782825276112e-15,1.471417940459595952e+00,-3.099999999999938360e-01,1.000000000000000000e+00,3.638518435890079547e-03,1.936527601718888442e-15,4.119819844621588414e-17,0.000000000000000000e+00,7.849317410819955062e-21,6.246288329146365215e-15
1.600000000000000000e+01,3.638518435682498199e-03,3.638518435682498199e-03,0.000000000000000000e+00,1.577721810442023611e-30,1.988386092675660259e-15,1.471417940459598617e+00,-3.099999999999938360e-01,1.000000000000000000e+00,3.638518435890079547e-03,1.987466877060005828e-15,6.045383423502178565e-17,0.000000000000000000e+00,7.849317401462594218e-21,6.246288321700014464e-15
1.700000000000000000e+01,3.638518435424355733e-03,3.638518435424355733e-03,0.000000000000000000e+00,0.000000000000000000e+00,1.958278682047502465e-15,1.471417940459596840e+00,-3.099999999999938360e-01,1.000000000000000000e+00,3.638518435890079547e-03,1.957904553943946475e-15,3.827733200796919483e-17,0.000000000000000000e+00,7.849317310306583072e-21,6.246288249160366722e-15
1.800000000000000000e+01,3.638518437300601854e-03,3.638518437300601854e-03,0.000000000000000000e+00,8.874685183736382811e-31,2.022687699414989191e-15,1.471417940459595508e+00,-3.099999999999938360e-01,1.000000000000000000e+00,3.638518435890079547e-03,2.021948892936200097e-15,5.466446429961446210e-17,0.000000000000000000e+00,7.849317298261609560e-21,6.246288239575280739e-15
1.900000000000000000e+01,3.638518416097490972e-03,3.638518416097490972e-03,0.000000000000000000e+00,2.465190328815661892e-30,1.999092540618797724e-15,1.471417940459594620e+00,-3.099999999999938360e-01,1.000000000000000000e+00,3.638518435890079547e-03,1.998449904022004150e-15,5.068497815478255179e-17,0.000000000000000000e+00,7.849317303525329571e-21,6.246288243764015394e-15
2.000000000000000000e+01,3.638518437209956480e-03,3.638518437209956480e-03,0.000000000000000000e+00,1.577721810442023611e-30,1.978887706813197298e-15,1.471417940459595064e+00,-3.099999999999938360e-01,1.000000000000000000e+00,3.638518435890079547e-03,1.978136261680962913e-15,5.452968308772696041e-17,0.000000000000000000e+00,7.849317317465537014e-21,6.246288254857279577e-15
2.100000000000000000e+01,3.638518434585992500e-03,3.638518434585992500e-03,0.000000000000000000e+00,0.000000000000000000e+00,2.046352819347721778e-15,1.471417940459596840e+00,-3.099999999999938360e-01,1.000000000000000000e+00,3.638518435890079547e-03,2.045738054618323399e-15,5.015648589361688410e-17,0.000000000000000000e+00,7.849317631355213821e-21,6.246288504642748809e-15
2.200000000000000000e+01,3.638518429152419638e-03,3.638518429152419638e-03,0.000000000000000000e+00,6.310887241768094443e-30,2.017054471788480884e-15,1.471417940459593288e+00,-3.099999999999938360e-01,1.000000000000000000e+00,3.638518435890079547e-03,2.016528977800661159e-15,4.603937217769628991e-17,0.000000000000000000e+00,7.849317375491863757e-21,6.246288301033164312e-15
2.300000000000000000e+01,3.638518436243066718e-03,3.638518436243066718e-03,0.000000000000000000e+00,2.218671295934095703e-31,2.022216597581308853e-15,1.471417940459597506e+00,-3.099999999999938360e-01,1.000000000000000000e+00,3.638518435890079547e-03,2.021526934891779421e-15,5.280926981847200992e-17,0.000000000000000000e+00,7.849317623531349117e-21,6.246288498416715390e-15
2.400000000000000000e+01,3.638518436055748241e-03,3.638518436055748241e-03,0.000000000000000000e+00,2.465190328815661892e-30,1.967391236883859776e-15,1.471417940459594620e+00,-3.099999999999938360e-01,1.000000000000000000e+00,3.638518435890079547e-03,1.966652528596804648e-15,5.390835435800040897e-17,0.000000000000000000e+00,7.849317321859862155e-21,6.246288258354173752e-15
2.500000000000000000e+01,3.638518437119532285e-03,3.638518437119532285e-03,0.000000000000000000e+00,2.465190328815661892e-30,2.017452574849568963e-15,1.471417940459594620e+00,-3.099999999999938360e-01,1.000000000000000000e+00,3.638518435890079547e-03,2.017055726492885010e-15,4.001359678664220607e-17,0.000000000000000000e+00,7.849317335654466284e-21,6.246288269331570834e-15
2.600000000000000000e+01,3.638518435544677455e-03,3.638518435544677455e-03,0.000000000000000000e+00,8.874685183736382811e-31,1.957609246687429102e-15,1.471417940459595508e+00,-3.099999999999938360e-01,1.000000000000000000e+00,3.638518435890079547e-03,1.956898374711092122e-15,5.275143322789377311e-17,0.000000000000000000e+00,7.849317246801566425e-21,6.246288198624678900e-15
2.700000000000000000e+01,3.638520155639396025e-03,3.638520155639395157e-03,0.000000000000000000e+00,7.598690080461252896e-19,1.988549490557599263e-15,1.471417941692373388e+00,-3.099999999999938360e-01,1.000000000000000000e+00,3.638518435890079547e-03,1.988059003905631002e-15,4.416416335703676233e-17,0.000000000000000000e+00,7.849317309978701022e-21,6.246288248899445456e-15
2.800000000000000000e+01,3.638518056663485843e-03,3.638518056663485843e-03,0.000000000000000000e+00,2.092242060670139585e-21,2.012988441506554608e-15,1.471417940524284429e+00,-3.099999999999938360e-01,1.000000000000000000e+00,3.638518435890079547e-03,2.012320439864051506e-15,5.185472864385550478e-17,0.000000000000000000e+00,7.849317291086777229e-21,6.246288233865729543e-15
2.900000000000000000e+01,3.638518356656212250e-03,3.638518356656212250e-03,0.000000000000000000e+00,6.046836931195736448e-22,1.983629568155247125e-15,1.471417940424820880e+00,-3.099999999999938360e-01,1.000000000000000000e+00,3.638518435890079547e-03,1.983170987386116153e-15,4.265088965237579601e-17,0.000000000000000000e+00,7.849317302851258604e-21,6.246288243227607333e-15
3.000000000000000000e+01,3.638518276913895334e-03,3.638518276913895334e-03,0.000000000000000000e+00,9.791365474112363863e-22,2.034110651149263167e-15,1.471417940415344461e+00,-3.099999999999938360e-01,1.000000000000000000e+00,3.638518435890079547e-03,2.033549542612197876e-15,4.777445760016993006e-17,0.000000000000000000e+00,7.849317279018071145e-21,6.246288224261759807e-15
3.100000000000000000e+01,3.638518487733122860e-03,3.638518487733122427e-03,0.000000000000000000e+00,2.635858267593349181e-19,1.981933892456077340e-15,1.471417941185662714e+00,-3.099999999999938360e-01,1.000000000000000000e+00,3.638518435890079547e-03,1.981603163649479909e-15,3.620574289886217141e-17,0.000000000000000000e+00,7.849317300991619770e-21,6.246288241747753185e-15
3.200000000000000000e+01,3.638518454267211828e-03,3.638518454267211828e-03,0.000000000000000000e+00,7.369303619309104769e-21,1.968610440625435524e-15,1.471417940580999506e+00,-3.099999999999938360e-01,1.000000000000000000e+00,3.638518435890079547e-03,1.968180026773149045e-15,4.116368653444763946e-17,0.000000000000000000e+00,7.849317301367458980e-21,6.246288242046837175e-15
3.300000000000000000e+01,3.638518446465531086e-03,3.638518446465531086e-03,0.000000000000000000e+00,1.904102705087458862e-19,1.967008661895915002e-15,1.471417941076703428e+00,-3.099999999999938360e-01,1.000000000000000000e+00,3.638518435890079547e-03,1.966454632954448754e-15,4.668246398735106538e-17,0.000000000000000000e+00,7.849317304679971216e-21,6.246288244682850600e-15
3.400000000000000000e+01,3.638518430047696980e-03,3.638518430047696980e-03,0.000000000000000000e+00,5.223246432510978650e-22,2.021083714891658453e-15,1.471417940491917875e+00,-3.099999999999938360e-01,1.000000000000000000e+00,3.638518435890079547e-03,2.020583936264762812e-15,4.494373201517916185e-17,0.000000000000000000e+00,7.849317299415216018e-21,6.246288240493291585e-15
3.500000000000000000e+01,3.638518423753679155e-03,3.638518423753679155e-03,0.000000000000000000e+00,1.515707912459530166e-22,2.022713034396464542e-15,1.471417940442185879e+00,-3.099999999999938360e-01,1.000000000000000000e+00,3.638518435890079547e-03,2.022274212089418067e-15,4.213111170933953358e-17,0.000000000000000000e+00,7.849317294638751770e-21,6.246288236692302575e-15
3.600000000000000000e+01,3.638518435345484362e-03,3.638518435345484362e-03,0.000000000000000000e+00,2.219451091101882495e-22,2.018610018603380019e-15,1.471417940438528138e+00,-3.099999999999938360e-01,1.000000000000000000e+00,3.638518435890079547e-03,2.018001332050081674e-15,4.956844750869505250e-17,0.000000000000000000e+00,7.849317281087162383e-21,6.246288225908290010e-15
3.700000000000000000e+01,3.638518436397549047e-03,3.638518436397549047e-03,0.000000000000000000e+00,3.351564302683306019e-26,2.008462571431049131e-15,1.471417940459337936e+00,-3.099999999999938360e-01,1.000000000000000000e+00,3.638518435890079547e-03,2.008099211718749803e-15,3.820283592021731279e-17,0.000000000000000000e+00,7.849317315320562631e-21,6.246288253150363649e-15
3.800000000000000000e+01,3.638518437013581446e-03,3.638518437013581446e-03,0.000000000000000000e+00,2.189187619601460386e-25,2.043341163191909876e-15,1.471417940460258533e+00,-3.099999999999938360e-01,1.000000000000000000e+00,3.638518435890079547e-03,2.042847541173266615e-15,4.491138669863941696e-17,0.000000000000000000e+00,7.849317331000306110e-21,6.246288265627907538e-15
3.900000000000000000e+01,3.638518429859149018e-03,3.638518429859148584e-03,0.000000000000000000e+00,2.932806652835536695e-19,2.069310924573832416e-15,1.471417941225469761e+00,-3.099999999999938360e-01,1.000000000000000000e+00,3.638518435890079547e-03,2.068548704050117491e-15,5.616014130659927472e-17,0.000000000000000000e+00,7.849317300886773950e-21,6.246288241664319311e-15
4.000000000000000000e+01,3.638518497705856437e-03,3.638518497705856437e-03,0.000000000000000000e+00,1.392369996063757812e-22,2.064642384188640706e-15,1.471417940476284381e+00,-3.099999999999938360e-01,1.000000000000000000e+00,3.638518435890079547e-03,2.064283440272202235e-15,3.849743815509022008e-17,0.000000000000000000e+00,7.849317285813555462e-21,6.246288229669433656e-15
4.100000000000000000e+01,3.638518420838367934e-03,3.638518420838367934e-03,0.000000000000000000e+00,6.827012475338235969e-20,2.041306903129792426e-15,1.471417940829110371e+00,-3.099999999999938360e-01,1.000000000000000000e+00,3.638518435890079547e-03,2.040886351184117082e-15,4.143397463571294090e-17,0.000000000000000000e+00,7.849317314620633045e-21,6.246288252593378152e-15
4.200000000000000000e+01,3.638518443971704326e-03,3.638518443971704326e-03,0.000000000000000000e+00,1.778032030055601136e-21,2.035782517633979406e-15,1.471417940519229584e+00,-3.099999999999938360e-01,1.000000000000000000e+00,3.638518435890079547e-03,2.035382059041857410e-15,4.037737947244442507e-17,0.000000000000000000e+00,7.849317298150489421e-21,6.246288239486854164e-15
4.300000000000000000e+01,3.638518436785351251e-03,3.638518436785351251e-03,0.000000000000000000e+00,1.357036792095183251e-21,1.969287005452499534e-15,1.471417940407500069e+00,-3.099999999999938360e-01,1.000000000000000000e+00,3.638518435890079547e-03,1.968472442249732468e-15,5.663527068740178963e-17,0.000000000000000000e+00,7.849317265618932655e-21,6.246288213599064584e-15
4.400000000000000000e+01,3.638518422736424299e-03,3.638518422736424299e-03,0.000000000000000000e+00,4.993203587754014500e-20,2.014921508581977297e-15,1.471417940775609612e+00,-3.099999999999938360e-01,1.000000000000000000e+00,3.638518435890079547e-03,2.014247243133126003e-15,5.212225259196807719e-17,0.000000000000000000e+00,7.849317294566272104e-21,6.246288236634624221e-15
4.500000000000000000e+01,3.638518439086533499e-03,3.638518439086533499e-03,0.000000000000000000e+00,1.251890860907794070e-22,1.983413331187350649e-15,1.471417940475420183e+00,-3.099999999999938360e-01,1.000000000000000000e+00,3.638518435890079547e-03,1.982903208795480543e-15,4.498118293996596537e-17,0.000000000000000000e+00,7.849317299481097869e-21,6.246288240545718492e-15
4.600000000000000000e+01,3.638518426314745532e-03,3.638518426314745532e-03,0.000000000000000000e+00,1.903142279655487858e-23,1.996134498135557557e-15,1.471417940453427331e+00,-3.099999999999938360e-01,1.000000000000000000e+00,3.638518435890079547e-03,1.995279199845774240e-15,5.842815458399269217e-17,0.000000000000000000e+00,7.849317312619667065e-21,6.246288251001059259e-15
4.700000000000000000e+01,3.638518435704463268e-03,3.638518435704463268e-03,0.000000000000000000e+00,3.532737081056661457e-24,2.018713337484095983e-15,1.471417940462254936e+00,-3.099999999999938360e-01,1.000000000000000000e+00,3.638518435890079547e-03,2.018112660103867229e-15,4.924256292130974243e-17,0.000000000000000000e+00,7.849317262067927097e-21,6.246288210773263059e-15
4.800000000000000000e+01,3.638518437521920477e-03,3.638518437521920477e-03,0.000000000000000000e+00,5.849548920392544248e-23,2.019576618409203401e-15,1.471417940448780604e+00,-3.099999999999938360e-01,1.000000000000000000e+00,3.638518435890079547e-03,2.018642639411757781e-15,6.141345058107123618e-17,0.000000000000000000e+00,7.849317335035317423e-21,6.246288268838868034e-15
4.900000000000000000e+01,3.638518435444877946e-03,3.638518435444877946e-03,0.000000000000000000e+00,6.386839755798904986e-27,2.019056619557794487e-15,1.471417940459483820e+00,-3.099999999999938360e-01,1.000000000000000000e+00,3.638518435890079547e-03,2.018454163006428123e-15,4.931961841454798759e-17,0.000000000000000000e+00,7.849317256493410142e-21,6.246288206337204732e-15
5.000000000000000000e+01,3.638518436856403790e-03,3.638518436856403790e-03,0.000000000000000000e+00,2.955824834008199000e-26,1.948985817403258543e-15,1.471417940459839979e+00,-3.099999999999938360e-01,1.000000000000000000e+00,3.638518435890079547e-03,1.948485880890955862e-15,4.414168490251407874e-17,0.000000000000000000e+00,7.849317354064450183e-21,6.246288283981770184e-15
5.100000000000000000e+01,3.638518407186691356e-03,3.638518407186691356e-03,0.000000000000000000e+00,0.000000000000000000e+00,1.946581719037522894e-15,1.471417940459596840e+00,-3.099999999999938360e-01,1.000000000000000000e+00,3.638518435890079547e-03,1.946232094336633938e-15,3.689205610298935437e-17,0.000000000000000000e+00,7.849317306206768730e-21,6.246288245897838389e-15
5.200000000000000000e+01,3.638518650670010800e-03,3.638518650670010800e-03,0.000000000000000000e+00,2.465190328815661892e-32,1.974594806603462665e-15,1.471417940459596618e+00,-3.099999999999938360e-01,1.000000000000000000e+00,3.638518435890079547e-03,1.974044668276958940e-15,4.660791618454215252e-17,0.000000000000000000e+00,7.849317299331268042e-21,6.246288240426487688e-15
5.300000000000000000e+01,3.638518425212474480e-03,3.638518425212474480e-03,0.000000000000000000e+00,2.218671295934095703e-31,1.945621672671348422e-15,1.471417940459596174e+00,-3.099999999999938360e-01,1.000000000000000000e+00,3.638518435890079547e-03,1.945145826754488604e-15,4.302796493491417696e-17,0.000000000000000000e+00,7.849317306566699458e-21,6.246288246184261950e-15
5.400000000000000000e+01,3.638518459246193465e-03,3.638518459246193465e-03,0.000000000000000000e+00,9.860761315262647568e-32,2.034845056578544617e-15,1.471417940459596396e+00,-3.099999999999938360e-01,1.000000000000000000e+00,3.638518435890079547e-03,2.034534078357440532e-15,3.557370128015809409e-17,0.000000000000000000e+00,7.849317310668528503e-21,6.246288249448393249e-15
5.500000000000000000e+01,3.638518403961247139e-03,3.638518403961247139e-03,0.000000000000000000e+00,1.577721810442023611e-30,1.932767971025931375e-15,1.471417940459595064e+00,-3.099999999999938360e-01,1.000000000000000000e+00,3.638518435890079547e-03,1.932369306499074753e-15,3.925421075971405092e-17,0.000000000000000000e+00,7.849317314967378676e-21,6.246288252869309075e-15
5.600000000000000000e+01,3.638518439271509232e-03,3.638518439271509232e-03,0.000000000000000000e+00,2.465190328815661892e-32,1.992544600981960043e-15,1.471417940459596618e+00,-3.099999999999938360e-01,1.000000000000000000e+00,3.638518435890079547e-03,1.992130801897830664e-15,4.060609524015939891e-17,0.000000000000000000e+00,7.849317278918717234e-21,6.246288224182696223e-15
5.700000000000000000e+01,3.638518430712202757e-03,3.638518430712202757e-03,0.000000000000000000e+00,2.218671295934095703e-31,2.001593296193815599e-15,1.471417940459596174e+00,-3.099999999999938360e-01,1.000000000000000000e+00,3.638518435890079547e-03,2.001317819801709502e-15,3.320703917161206463e-17,0.000000000000000000e+00,7.849317230134105259e-21,6.246288185361135305e-15
5.800000000000000000e+01,3.638518428337521576e-03,3.638518428337521576e-03,0.000000000000000000e+00,9.860761315262647568e-32,2.015459582793443135e-15,1.471417940459596396e+00,-3.099999999999938360e-01,1.000000000000000000e+00,3.638518435890079547e-03,2.014931051386699136e-15,4.615395941843999154e-17,0.000000000000000000e+00,7.849317346876353009e-21,6.246288278261664819e-15
5.900000000000000000e+01,3.638518434644789218e-03,3.638518434644789218e-03,0.000000000000000000e+00,2.465190328815661892e-32,1.958636517361492638e-15,1.471417940459596618e+00,-3.099999999999938360e-01,1.000000000000000000e+00,3.638518435890079547e-03,1.958341140454747526e-15,3.401447754624265469e-17,0.000000000000000000e+00,7.849317383382740291e-21,6.246288307312523938e-15
6.000000000000000000e+01,3.638518436534551002e-03,3.638518436534551002e-03,0.000000000000000000e+00,8.874685183736382811e-31,2.005147362491292883e-15,1.471417940459595508e+00,-3.099999999999938360e-01,1.000000000000000000e+00,3.638518435890079547e-03,2.004774975415494938e-15,3.864250499097615514e-17,0.000000000000000000e+00,7.849317326811748528e-21,6.246288262294760377e-15
6.100000000000000000e+01,3.638518437394493328e-03,3.638518437394493328e-03,0.000000000000000000e+00,2.465190328815661892e-32,2.000161711785872850e-15,1.471417940459596618e+00,-3.099999999999938360e-01,1.000000000000000000e+00,3.638518435890079547e-03,1.999804742558670158e-15,3.778709928577043144e-17,0.000000000000000000e+00,7.849317318400196834e-21,6.246288255601060237e-15
6.200000000000000000e+01,3.638518435713159003e-03,3.638518435713159003e-03,0.000000000000000000e+00,1.577721810442023611e-30,1.971623875478902438e-15,1.471417940459595064e+00,-3.099999999999938360e-01,1.000000000000000000e+00,3.638518435890079547e-03,1.971247282174867753e-15,3.853386582000048194e-17,0.000000000000000000e+00,7.849317258404432185e-21,6.246288207857946331e-15
6.300000000000000000e+01,3.638518439834208858e-03,3.638518439834208858e-03,0.000000000000000000e+00,9.860761315262647568e-32,1.964319919393993061e-15,1.471417940459597284e+00,-3.099999999999938360e-01,1.000000000000000000e+00,3.638518435890079547e-03,1.963780357765196565e-15,4.603750777364525734e-17,0.000000000000000000e+00,7.849317585309758719e-21,6.246288468000939156e-15
6.400000000000000000e+01,3.638518448765591402e-03,3.638518448765573187e-03,0.000000000000000000e+00,1.816740480881616379e-17,1.977171417673699559e-15,1.471417934431760610e+00,-3.099999999999938360e-01,1.000000000000000000e+00,3.638518435890079547e-03,1.976658352245310299e-15,4.503968586779435399e-17,0.000000000000000000e+00,7.849317292431485590e-21,6.246288234935815417e-15
6.500000000000000000e+01,3.638518358888926697e-03,3.638518358888926697e-03,0.000000000000000000e+00,8.027069216269934158e-20,1.976580651375217020e-15,1.471417940058920681e+00,-3.099999999999938360e-01,1.000000000000000000e+00,3.638518435890079547e-03,1.976065016154486389e-15,4.514557851699513312e-17,0.000000000000000000e+00,7.849317295493792443e-21,6.246288237372722716e-15
6.600000000000000000e+01,3.638518450153012396e-03,3.638518450153012396e-03,0.000000000000000000e+00,5.564293662607081626e-22,1.971406680184204964e-15,1.471417940492956378e+00,-3.099999999999938360e-01,1.000000000000000000e+00,3.638518435890079547e-03,1.970873375635586217e-15,4.585232626689082057e-17,0.000000000000000000e+00,7.849317232908241834e-21,6.246288187568723105e-15
6.700000000000000000e+01,3.638518449241273829e-03,3.638518449241261252e-03,0.000000000000000000e+00,1.250001095029587016e-17,2.000275760187502582e-15,1.471417935459594650e+00,-3.099999999999938360e-01,1.000000000000000000e+00,3.638518435890079547e-03,1.999705222565754297e-15,4.777174452882126778e-17,0.000000000000000000e+00,7.849317360350712605e-21,6.246288288984218808e-15
6.800000000000000000e+01,3.638518432442053828e-03,3.638518432442053828e-03,0.000000000000000000e+00,2.465190328815661892e-32,1.989076592603571315e-15,1.471417940459596618e+00,-3.099999999999938360e-01,1.000000000000000000e+00,3.638518435890079547e-03,1.988679768211273522e-15,3.972997217438052137e-17,0.000000000000000000e+00,7.849317324545819726e-21,6.246288260491590008e-15
6.900000000000000000e+01,3.638518445098332197e-03,3.638518445098332197e-03,0.000000000000000000e+00,3.944304526105059027e-31,1.977033846714142090e-15,1.471417940459595952e+00,-3.099999999999938360e-01,1.000000000000000000e+00,3.638518435890079547e-03,1.976706996354847973e-15,3.594831781185983770e-17,0.000000000000000000e+00,7.849317293956328586e-21,6.246288236149247572e-15
7.000000000000000000e+01,3.638518428502771768e-03,3.638518428502771768e-03,0.000000000000000000e+00,1.577721810442023611e-30,1.981649398246750204e-15,1.471417940459595064e+00,-3.099999999999938360e-01,1.000000000000000000e+00,3.638518435890079547e-03,1.981088683951530741e-15,4.713771132848993389e-17,0.000000000000000000e+00,7.849317304122461141e-21,6.246288244239197593e-15
7.100000000000000000e+01,3.638518434130521336e-03,3.638518434130521336e-03,0.000000000000000000e+00,9.860761315262647568e-32,1.948105342178123517e-15,1.471417940459596396e+00,-3.099999999999938360e-01,1.000000000000000000e+00,3.638518435890079547e-03,1.947646127098347833e-15,4.229642727392700976e-17,0.000000000000000000e+00,7.849317247197147921e-21,6.246288198939473845e-15
7.200000000000000000e+01,3.638518436951896414e-03,3.638518436951896414e-03,0.000000000000000000e+00,1.577721810442023611e-30,1.976712121896544817e-15,1.471417940459595064e+00,-3.099999999999938360e-01,1.000000000000000000e+00,3.638518435890079547e-03,1.976295654640604221e-15,4.057460091971938605e-17,0.000000000000000000e+00,7.849317523686499007e-21,6.246288418962708125e-15
7.300000000000000000e+01,3.638518436083018528e-03,3.638518436083018528e-03,0.000000000000000000e+00,2.465190328815661892e-30,1.984440403393775741e-15,1.471417940459594620e+00,-3.099999999999938360e-01,1.000000000000000000e+00,3.638518435890079547e-03,1.984036161017800658e-15,4.005279433183180664e-17,0.000000000000000000e+00,7.849317362417402449e-21,6.246288290628838390e-15
7.400000000000000000e+01,3.638518436645374679e-03,3.638518436645374679e-03,0.000000000000000000e+00,3.944304526105059027e-31,1.968069675350551355e-15,1.471417940459595952e+00,-3.099999999999938360e-01,1.000000000000000000e+00,3.638518435890079547e-03,1.967667110086649281e-15,3.980440749550713750e-17,0.000000000000000000e+00,7.849317295640065317e-21,6.246288237489123086e-15
7.500000000000000000e+01,1.604201911948450743e+00,6.339125353918848571e-01,0.000000000000000000e+00,9.702893765565659967e-01,4.442781606332968732e-15,2.864464512944929098e+00,-3.099999999999938360e-01,1.000000000000000000e+00,3.638518435890079547e-03,4.441805499160078013e-15,9.312523270491689222e-17,0.000000000000000000e+00,1.534594166124032229e-20,1.221191235893124537e-14
7.600000000000000000e+01,1.604201733903008575e+00,6.339125371523938179e-01,0.000000000000000000e+00,9.702891967506147575e-01,4.449905058787452814e-15,2.864464383871025088e+00,-3.099999999999938360e-01,1.000000000000000000e+00,3.638518435890079547e-03,4.449686092659343045e-15,4.414418173088671117e-17,0.000000000000000000e+00,1.534594166165483959e-20,1.221191235926110756e-14
7.700000000000000000e+01,1.604201436129811364e+00,6.339125335485754631e-01,0.000000000000000000e+00,9.702889025812359014e-01,4.526212119496144535e-15,2.864464172701180367e+00,-3.099999999999938360e-01,1.000000000000000000e+00,3.638518435890079547e-03,4.525614751143172775e-15,7.353417350863488791e-17,0.000000000000000000e+00,1.534594162828995400e-20,1.221191233271017626e-14
7.800000000000000000e+01,1.604202084784583038e+00,6.339125341496615329e-01,0.000000000000000000e+00,9.702895506349215049e-01,4.463709822609829695e-15,2.864464637907260691e+00,-3.099999999999938360e-01,1.000000000000000000e+00,3.638518435890079547e-03,4.463508417609137838e-15,4.240266690130644957e-17,0.000000000000000000e+00,1.534594164153516404e-20,1.221191234325037874e-14
7.900000000000000000e+01,1.604202099934834536e+00,6.339125333679460628e-01,0.000000000000000000e+00,9.702895665668883618e-01,4.453832514293509955e-15,2.864464649344039326e+00,-3.099999999999938360e-01,1.000000000000000000e+00,3.638518435890079547e-03,4.453571610237747702e-15,4.820765112414139251e-17,0.000000000000000000e+00,1.534594155081704767e-20,1.221191227105919768e-14
8.000000000000000000e+01,1.604200407948445983e+00,6.339125531247196133e-01,0.000000000000000000e+00,9.702878548237263701e-01,4.371710800363592350e-15,2.864463420566923713e+00,-3.099999999999938360e-01,1.000000000000000000e+00,3.638518435890079547e-03,4.371411314579807253e-15,5.117070005213606834e-17,0.000000000000000000e+00,1.534594169772626161e-20,1.221191238796583423e-14
8.100000000000000000e+01,1.604203694023359272e+00,6.339125519859659663e-01,0.000000000000000000e+00,9.702911420373933060e-01,4.382992811280291410e-15,2.864465780296688191e+00,-3.099999999999938360e-01,1.000000000000000000e+00,3.638518435890079547e-03,4.382712533828078606e-15,4.956641328030611780e-17,0.000000000000000000e+00,1.534594132616692223e-20,1.221191209228830611e-14
8.200000000000000000e+01,1.604201378693063340e+00,6.339125583878743031e-01,0.000000000000000000e+00,9.702888203051891480e-01,4.388125127444029789e-15,2.864464113639214826e+00,-3.099999999999938360e-01,1.000000000000000000e+00,3.638518435890079547e-03,4.387911747861740079e-15,4.327385870374133234e-17,0.000000000000000000e+00,1.534594184222118393e-20,1.221191250295123950e-14
8.300000000000000000e+01,1.604201469623314003e+00,6.339125555193607653e-01,0.000000000000000000e+00,9.702889141039532372e-01,4.321243027564717983e-15,2.864464180972777552e+00,-3.099999999999938360e-01,1.000000000000000000e+00,3.638518435890079547e-03,4.320837979387461130e-15,5.916467632019175135e-17,0.000000000000000000e+00,1.534594125656227028e-20,1.221191203689868535e-14
8.400000000000000000e+01,1.604201216129360397e+00,6.339125464555398493e-01,0.000000000000000000e+00,9.702886696738204364e-01,4.424754208769324919e-15,2.864464005508287503e+00,-3.099999999999938360e-01,1.000000000000000000e+00,3.638518435890079547e-03,4.424410000377033351e-15,5.519018345729024669e-17,0.000000000000000000e+00,1.534594084999127591e-20,1.221191171335976861e-14
8.500000000000000000e+01,1.604202453137401729e+00,6.339125380584113012e-01,0.000000000000000000e+00,9.702899150789905391e-01,4.419383098112277027e-15,2.864464899523784691e+00,-3.099999999999938360e-01,1.000000000000000000e+00,3.638518435890079547e-03,4.418985686932225285e-15,5.926606392442128115e-17,0.000000000000000000e+00,1.534594275974423932e-20,1.221191323309288881e-14
8.600000000000000000e+01,1.604201621616746509e+00,6.339125491906391074e-01,0.000000000000000000e+00,9.702890724261074018e-01,4.453103357723633694e-15,2.864464294624530893e+00,-3.099999999999938360e-01,1.000000000000000000e+00,3.638518435890079547e-03,4.452715287680959923e-15,5.878844432593420639e-17,0.000000000000000000e+00,1.534594077512599146e-20,1.221191165378386656e-14
8.700000000000000000e+01,1.604202158103186893e+00,6.339125373895487803e-01,0.000000000000000000e+00,9.702896207136380013e-01,4.428829068831573931e-15,2.864464688213338217e+00,-3.099999999999938360e-01,1.000000000000000000e+00,3.638518435890079547e-03,4.428484033990183683e-15,5.528183595061587651e-17,0.000000000000000000e+00,1.534594278968923606e-20,1.221191325692236043e-14
8.800000000000000000e+01,1.604202085122877985e+00,6.339125557546891887e-01,0.000000000000000000e+00,9.702895293681887967e-01,4.434910194610798986e-15,2.864464622640914726e+00,-3.099999999999938360e-01,1.000000000000000000e+00,3.638518435890079547e-03,4.434676069072517723e-15,4.556968754352113049e-17,0.000000000000000000e+00,1.534594320934023180e-20,1.221191359087001124e-14
8.900000000000000000e+01,1.604201755844946398e+00,6.339125591589381825e-01,0.000000000000000000e+00,9.702891966860081041e-01,4.452645544215600397e-15,2.864464383824647076e+00,-3.099999999999938360e-01,1.000000000000000000e+00,3.638518435890079547e-03,4.452265296109985004e-15,5.818999262944091095e-17,0.000000000000000000e+00,1.534594024619715891e-20,1.221191123287567632e-14
9.000000000000000000e+01,1.604202010798515987e+00,6.339125509314659235e-01,0.000000000000000000e+00,9.702894598670500637e-01,4.468795242583769957e-15,2.864464572749449545e+00,-3.099999999999938360e-01,1.000000000000000000e+00,3.638518435890079547e-03,4.468510021250575381e-15,5.048871049070455338e-17,0.000000000000000000e+00,1.534594254655094449e-20,1.221191306343905520e-14
9.100000000000000000e+01,1.604201868520671148e+00,6.339125585704876720e-01,0.000000000000000000e+00,9.702893099501833651e-01,4.438027862016590027e-15,2.864464465131463911e+00,-3.099999999999938360e-01,1.000000000000000000e+00,3.638518435890079547e-03,4.437791925329739445e-15,4.576167914545815009e-17,0.000000000000000000e+00,1.534594037562080673e-20,1.221191133586774209e-14
9.200000000000000000e+01,1.604202377386950928e+00,6.339125190671026644e-01,0.000000000000000000e+00,9.702898583198481530e-01,4.396689240426030837e-15,2.864464858779183221e+00,-3.099999999999938360e-01,1.000000000000000000e+00,3.638518435890079547e-03,4.395960571296058669e-15,8.004331485486282875e-17,0.000000000000000000e+00,1.534594163268237427e-20,1.221191233620555266e-14
9.300000000000000000e+01,1.604201491519662293e+00,6.339125096867442855e-01,0.000000000000000000e+00,9.702889818329180072e-01,4.423973287506207329e-15,2.864464229592099453e+00,-3.099999999999938360e-01,1.000000000000000000e+00,3.638518435890079547e-03,4.423106635683731006e-15,8.756333538373621337e-17,0.000000000000000000e+00,1.534594162886407071e-20,1.221191233316704663e-14
9.400000000000000000e+01,1.604202160535827870e+00,6.339125002744879778e-01,0.000000000000000000e+00,9.702896602613398924e-01,4.505309484632066527e-15,2.864464716602695304e+00,-3.099999999999938360e-01,1.000000000000000000e+00,3.638518435890079547e-03,4.504965634037291813e-15,5.566137101385988762e-17,0.000000000000000000e+00,1.534594171941931960e-20,1.221191240522862099e-14
9.500000000000000000e+01,1.604201830402878892e+00,6.339125382401137321e-01,0.000000000000000000e+00,9.702892921627651601e-01,4.329146452844177643e-15,2.864464452362745828e+00,-3.099999999999938360e-01,1.000000000000000000e+00,3.638518435890079547e-03,4.328783117302322438e-15,5.608683710295560029e-17,0.000000000000000000e+00,1.534594174437458695e-20,1.221191242508739122e-14
9.600000000000000000e+01,1.604201935590764183e+00,6.339125386152836272e-01,0.000000000000000000e+00,9.702893969754804449e-01,4.488986455759534455e-15,2.864464527602669008e+00,-3.099999999999938360e-01,1.000000000000000000e+00,3.638518435890079547e-03,4.488757595865451837e-15,4.532819560992897233e-17,0.000000000000000000e+00,1.534594141990234188e-20,1.221191216688058570e-14
9.700000000000000000e+01,1.604202066703741103e+00,6.339125409810549838e-01,0.000000000000000000e+00,9.702895257226860082e-01,4.530506466482840951e-15,2.864464620023986718e+00,-3.099999999999938360e-01,1.000000000000000000e+00,3.638518435890079547e-03,4.530203117448750037e-15,5.242668466494560519e-17,0.000000000000000000e+00,1.534594148739591882e-20,1.221191222059026563e-14
9.800000000000000000e+01,1.604201881273234598e+00,6.339125363956652492e-01,0.000000000000000000e+00,9.702893448775692375e-01,4.366026605483884409e-15,2.864464490204126523e+00,-3.099999999999938360e-01,1.000000000000000000e+00,3.638518435890079547e-03,4.365413577866402834e-15,7.316155915019124987e-17,0.000000000000000000e+00,1.534594175121772600e-20,1.221191243053298798e-14
9.900000000000000000e+01,1.604201943219826898e+00,6.339125359492226996e-01,0.000000000000000000e+00,9.702894072706041984e-01,4.398057894934416375e-15,2.864464534993034661e+00,-3.099999999999938360e-01,1.000000000000000000e+00,3.638518435890079547e-03,4.397231285983422826e-15,8.526584619895900984e-17,0.000000000000000000e+00,1.534594168007613983e-20,1.221191237392031412e-14
1.000000000000000000e+02,1.604201815670472708e+00,6.339125342442059052e-01,0.000000000000000000e+00,9.702892814262669141e-01,4.460893357498385579e-15,2.864464444655538511e+00,-3.099999999999938360e-01,1.000000000000000000e+00,3.638518435890079547e-03,4.460472264825038607e-15,6.129209952602632100e-17,0.000000000000000000e+00,1.534594157018840013e-20,1.221191228647442960e-14
1.010000000000000000e+02,1.604201670430744020e+00,6.339125301396850709e-01,0.000000000000000000e+00,9.702891402910590601e-01,4.452495835466021584e-15,2.864464343341467156e+00,-3.099999999999938360e-01,1.000000000000000000e+00,3.638518435890079547e-03,4.452116887076992688e-15,5.808948623140264563e-17,0.000000000000000000e+00,1.534594157830891823e-20,1.221191229293653359e-14
1.020000000000000000e+02,1.604202044954870177e+00,6.339125310459200469e-01,0.000000000000000000e+00,9.702895139089501297e-01,4.461141340751126045e-15,2.864464611543484196e+00,-3.099999999999938360e-01,1.000000000000000000e+00,3.638518435890079547e-03,4.460794888239801608e-15,5.559700510738882134e-17,0.000000000000000000e+00,1.534594159284708329e-20,1.221191230450563630e-14
1.030000000000000000e+02,1.604201909756826083e+00,6.339125303744100881e-01,0.000000000000000000e+00,9.702893793824161062e-01,4.310394950713755936e-15,2.864464514973468656e+00,-3.099999999999938360e-01,1.000000000000000000e+00,3.638518435890079547e-03,4.310080061003860218e-15,5.210085066588384373e-17,0.000000000000000000e+00,1.534594126925017639e-20,1.221191204699540127e-14
1.040000000000000000e+02,1.604203321318013575e+00,6.339125135786968235e-01,0.000000000000000000e+00,9.702908077393167519e-01,4.398038721388660452e-15,2.864465540320647374e+00,-3.099999999999938360e-01,1.000000000000000000e+00,3.638518435890079547e-03,4.397782599314577463e-15,4.746370997322537920e-17,0.000000000000000000e+00,1.534594152723588620e-20,1.221191225229390384e-14
1.050000000000000000e+02,1.604202979128377837e+00,6.339125093645767706e-01,0.000000000000000000e+00,9.702904697638010667e-01,4.586870180816823156e-15,2.864465297704712921e+00,-3.099999999999938360e-01,1.000000000000000000e+00,3.638518435890079547e-03,4.586325065940201326e-15,7.071382438860584982e-17,0.000000000000000000e+00,1.534594133557013976e-20,1.221191209977115036e-14
1.060000000000000000e+02,1.604201608946752344e+00,6.339125056897531030e-01,0.000000000000000000e+00,9.702891032569993524e-01,4.366689082205485616e-15,2.864464316756523576e+00,-3.099999999999938360e-01,1.000000000000000000e+00,3.638518435890079547e-03,4.366351233524793244e-15,5.431800726830974828e-17,0.000000000000000000e+00,1.534594157066040644e-20,1.221191228685003783e-14
1.070000000000000000e+02,1.604201922394783431e+00,6.339125429079959240e-01,0.000000000000000000e+00,9.702893794867876176e-01,4.354025486745820472e-15,2.864464515048391835e+00,-3.099999999999938360e-01,1.000000000000000000e+00,3.638518435890079547e-03,4.353136720166815061e-15,8.796950910390892833e-17,0.000000000000000000e+00,1.534594163888159369e-20,1.221191234113873535e-14
1.080000000000000000e+02,1.604201877920177211e+00,6.339125403867126307e-01,0.000000000000000000e+00,9.702893375334646908e-01,4.482978771522105885e-15,2.864464484932152999e+00,-3.099999999999938360e-01,1.000000000000000000e+00,3.638518435890079547e-03,4.482133850734389487e-15,8.703338315420257161e-17,0.000000000000000000e+00,1.534594172371901237e-20,1.221191240865020577e-14
1.090000000000000000e+02,1.604202371612827971e+00,6.339125373644766137e-01,0.000000000000000000e+00,9.702898342483513572e-01,4.320278139273793193e-15,2.864464841499437142e+00,-3.099999999999938360e-01,1.000000000000000000e+00,3.638518435890079547e-03,4.319334810674319723e-15,9.027731580286328484e-17,0.000000000000000000e+00,1.534594152956716121e-20,1.221191225414907276e-14
1.100000000000000000e+02,1.604201864401292754e+00,6.339125429503704723e-01,0.000000000000000000e+00,9.702893214509222819e-01,4.331041053383605934e-15,2.864464473387282162e+00,-3.099999999999938360e-01,1.000000000000000000e+00,3.638518435890079547e-03,4.330722941577925096e-15,5.249199128742946168e-17,0.000000000000000000e+00,1.534594215182003176e-20,1.221191274932217321e-14
1.110000000000000000e+02,1.604201890537434227e+00,6.339125420880594719e-01,0.000000000000000000e+00,9.702893484493747556e-01,4.535598600458788128e-15,2.864464492768151072e+00,-3.099999999999938360e-01,1.000000000000000000e+00,3.638518435890079547e-03,4.535060137209065289e-15,6.988716724482846202e-17,0.000000000000000000e+00,1.534594226843895981e-20,1.221191284212457000e-14
1.120000000000000000e+02,1.604201819359101888e+00,6.339125397723543998e-01,0.000000000000000000e+00,9.702892795867474884e-01,4.410152257270358717e-15,2.864464443335037469e+00,-3.099999999999938360e-01,1.000000000000000000e+00,3.638518435890079547e-03,4.409850864257549656e-15,5.155857909483969482e-17,0.000000000000000000e+00,1.534594234308858825e-20,1.221191290152885695e-14
1.130000000000000000e+02,1.604201862904251819e+00,6.339125266142864312e-01,0.000000000000000000e+00,9.702893362899654983e-01,4.472682035568355709e-15,2.864464484039505709e+00,-3.099999999999938360e-01,1.000000000000000000e+00,3.638518435890079547e-03,4.472106482216596446e-15,7.175097753120262040e-17,0.000000000000000000e+00,1.534594096368375942e-20,1.221191180383337229e-14
1.140000000000000000e+02,1.604201996634095018e+00,6.339125271471749423e-01,0.000000000000000000e+00,9.702894694869200753e-01,4.472492797588589195e-15,2.864464579655083387e+00,-3.099999999999938360e-01,1.000000000000000000e+00,3.638518435890079547e-03,4.471925374720408879e-15,7.124090944137095664e-17,0.000000000000000000e+00,1.534594247916015203e-20,1.221191300981116595e-14
1.150000000000000000e+02,1.604202391780511050e+00,6.339125255328814657e-01,0.000000000000000000e+00,9.702898662476294733e-01,4.471734090184545966e-15,2.864464864470148253e+00,-3.099999999999938360e-01,1.000000000000000000e+00,3.638518435890079547e-03,4.471439927081406297e-15,5.129085284273069481e-17,0.000000000000000000e+00,1.534594101541515556e-20,1.221191184499990665e-14
1.160000000000000000e+02,1.604202284319732996e+00,6.339125242855703224e-01,0.000000000000000000e+00,9.702897600341626738e-01,4.472073581624101565e-15,2.864464788224712510e+00,-3.099999999999938360e-01,1.000000000000000000e+00,3.638518435890079547e-03,4.471581907471974168e-15,6.631262318758187169e-17,0.000000000000000000e+00,1.534594249736235968e-20,1.221191302429602321e-14
1.170000000000000000e+02,1.604202148169189934e+00,6.339125362236120997e-01,0.000000000000000000e+00,9.702896119455778345e-01,4.444676279453082886e-15,2.864464681919177469e+00,-3.099999999999938360e-01,1.000000000000000000e+00,3.638518435890079547e-03,4.444459714230638647e-15,4.387570487532974194e-17,0.000000000000000000e+00,1.534594388703477243e-20,1.221191413016219465e-14
1.180000000000000000e+02,1.604201921571572598e+00,6.339125388349650114e-01,0.000000000000000000e+00,9.702893827366074753e-01,4.432834116969514251e-15,2.864464517381278608e+00,-3.099999999999938360e-01,1.000000000000000000e+00,3.638518435890079547e-03,4.432643602979145360e-15,4.109741234499289571e-17,0.000000000000000000e+00,1.534594010343017793e-20,1.221191111926532188e-14
1.190000000000000000e+02,1.604201978695577679e+00,6.339125361285076199e-01,0.000000000000000000e+00,9.702894425670699485e-01,4.441036417439293538e-15,2.864464560330640452e+00,-3.099999999999938360e-01,1.000000000000000000e+00,3.638518435890079547e-03,4.440758590866412499e-15,4.967492760623422357e-17,0.000000000000000000e+00,1.534594349323791166e-20,1.221191381678860580e-14
1.200000000000000000e+02,1.604201719007068316e+00,6.339125402002516729e-01,0.000000000000000000e+00,9.702891788068166434e-01,4.430409821044747045e-15,2.864464370990048803e+00,-3.099999999999938360e-01,1.000000000000000000e+00,3.638518435890079547e-03,4.430185310756502981e-15,4.460150817574538785e-17,0.000000000000000000e+00,1.534593952877663886e-20,1.221191066197056739e-14
1.210000000000000000e+02,1.604201819305650201e+00,6.339125089150550174e-01,0.000000000000000000e+00,9.702893103905952943e-01,4.481279499238541963e-15,2.864464465447614128e+00,-3.099999999999938360e-01,1.000000000000000000e+00,3.638518435890079547e-03,4.481141600321382512e-15,3.515548220767124806e-17,0.000000000000000000e+00,1.534593845624107347e-20,1.221190980847388005e-14
1.220000000000000000e+02,1.604201859507639716e+00,6.339125071166166192e-01,0.000000000000000000e+00,9.702893523910230966e-01,4.492825456881871184e-15,2.864464495597667693e+00,-3.099999999999938360e-01,1.000000000000000000e+00,3.638518435890079547e-03,4.492605276725758964e-15,4.447935820308170722e-17,0.000000000000000000e+00,1.534594490378254504e-20,1.221191493926436193e-14
1.230000000000000000e+02,1.604201871409516755e+00,6.339125105601427501e-01,0.000000000000000000e+00,9.702893608493738942e-01,4.484644523879643385e-15,2.864464501669504060e+00,-3.099999999999938360e-01,1.000000000000000000e+00,3.638518435890079547e-03,4.484459888057481615e-15,4.069419776394932516e-17,0.000000000000000000e+00,1.534593837707454046e-20,1.221190974547515471e-14
1.240000000000000000e+02,1.604201884873330819e+00,6.339125055374472684e-01,0.000000000000000000e+00,9.702893793358834396e-01,4.490133384190203945e-15,2.864464514940065154e+00,-3.099999999999938360e-01,1.000000000000000000e+00,3.638518435890079547e-03,4.490005257859185163e-15,3.392037707252965334e-17,0.000000000000000000e+00,1.534594484118716166e-20,1.221191488945253524e-14
1.250000000000000000e+02,1.604202056370060525e+00,6.339125872510458226e-01,0.000000000000000000e+00,9.702894691190148135e-01,4.394636460881876876e-15,2.864464579390982202e+00,-3.099999999999938360e-01,1.000000000000000000e+00,3.638518435890079547e-03,4.393734573176774884e-15,8.902877932441753566e-17,0.000000000000000000e+00,1.534594166231085045e-20,1.221191235978314573e-14
1.260000000000000000e+02,1.604202059328825758e+00,6.339126384355917576e-01,0.000000000000000000e+00,9.702894208932338893e-01,4.587133594483061220e-15,2.864464544772054033e+00,-3.099999999999938360e-01,1.000000000000000000e+00,3.638518435890079547e-03,4.586164394997080777e-15,9.429080263021584303e-17,0.000000000000000000e+00,1.534594231428477723e-20,1.221191287860751254e-14
1.270000000000000000e+02,1.604202060316720635e+00,6.339126912153856264e-01,0.000000000000000000e+00,9.702893691013350086e-01,4.614506557461655388e-15,2.864464507593183384e+00,-3.099999999999938360e-01,1.000000000000000000e+00,3.638518435890079547e-03,4.612777958332903757e-15,1.262944010605756118e-16,0.000000000000000000e+00,1.534594164287693536e-20,1.221191234431812721e-14
1.280000000000000000e+02,1.604201951757984190e+00,6.339125538367883506e-01,0.000000000000000000e+00,9.702893979211957287e-01,4.738278449114048102e-15,2.864464528281551736e+00,-3.099999999999938360e-01,1.000000000000000000e+00,3.638518435890079547e-03,4.737477634631397102e-15,8.711097789850630807e-17,0.000000000000000000e+00,1.534594181215999042e-20,1.221191247902930234e-14
1.290000000000000000e+02,1.604201466634544770e+00,6.339125639678255819e-01,0.000000000000000000e+00,9.702889026667191885e-01,4.626784395338941792e-15,2.864464172762544614e+00,-3.099999999999938360e-01,1.000000000000000000e+00,3.638518435890079547e-03,4.626180110289682884e-15,7.477585089166243526e-17,0.000000000000000000e+00,1.534594132206875696e-20,1.221191208902708886e-14
1.300000000000000000e+02,1.604202369993865229e+00,6.339125741880798914e-01,0.000000000000000000e+00,9.702897958057852268e-01,4.591158330698179516e-15,2.864464813903405460e+00,-3.099999999999938360e-01,1.000000000000000000e+00,3.638518435890079547e-03,4.590824101690069774e-15,5.539751479406450966e-17,0.000000000000000000e+00,1.534594236741980013e-20,1.221191292089102188e-14
1.310000000000000000e+02,1.604201923285483389e+00,6.339125330805860381e-01,0.000000000000000000e+00,9.702893902048973507e-01,4.543928257495385537e-15,2.864464522742398600e+00,-3.099999999999938360e-01,1.000000000000000000e+00,3.638518435890079547e-03,4.543116662938473112e-15,8.587779666682583611e-17,0.000000000000000000e+00,1.534594131477365633e-20,1.221191208322183464e-14
1.320000000000000000e+02,1.604202000106515147e+00,6.339125287628706307e-01,0.000000000000000000e+00,9.702894713436445162e-01,4.576681145434733200e-15,2.864464580987934994e+00,-3.099999999999938360e-01,1.000000000000000000e+00,3.638518435890079547e-03,4.575762250324347671e-15,9.170678954656085483e-17,0.000000000000000000e+00,1.534594208179433843e-20,1.221191269359749956e-14
1.330000000000000000e+02,1.604201566260878398e+00,6.339125337548624506e-01,0.000000000000000000e+00,9.702890325060160581e-01,4.499886143609495928e-15,2.864464265967844980e+00,-3.099999999999938360e-01,1.000000000000000000e+00,3.638518435890079547e-03,4.499025533051884404e-15,8.800317130902751181e-17,0.000000000000000000e+00,1.534594128190411390e-20,1.221191205706508451e-14
1.340000000000000000e+02,1.604201856278890892e+00,6.339125232137102772e-01,0.000000000000000000e+00,9.702893330651806147e-01,4.559862001256568194e-15,2.864464481724590339e+00,-3.099999999999938360e-01,1.000000000000000000e+00,3.638518435890079547e-03,4.559546010760235149e-15,5.368096523421958488e-17,0.000000000000000000e+00,1.534594164982495935e-20,1.221191234984718861e-14
1.350000000000000000e+02,1.604201927527683980e+00,6.339125302999536471e-01,0.000000000000000000e+00,9.702893972277303325e-01,4.733225175142833405e-15,2.864464527783746828e+00,-3.099999999999938360e-01,1.000000000000000000e+00,3.638518435890079547e-03,4.732642114193083585e-15,7.429116593797438380e-17,0.000000000000000000e+00,1.534594130158606469e-20,1.221191207272748076e-14
1.360000000000000000e+02,1.604201940158076045e+00,6.339125323081666874e-01,0.000000000000000000e+00,9.702894078499094688e-01,4.588542849060784266e-15,2.864464535408889567e+00,-3.099999999999938360e-01,1.000000000000000000e+00,3.638518435890079547e-03,4.587272210774090754e-15,1.079775054867751999e-16,0.000000000000000000e+00,1.534594234062303982e-20,1.221191289956683524e-14
1.370000000000000000e+02,1.604202186007162467e+00,6.339125477440521461e-01,0.000000000000000000e+00,9.702896382631104322e-01,4.630833411612464556e-15,2.864464700811244491e+00,-3.099999999999938360e-01,1.000000000000000000e+00,3.638518435890079547e-03,4.630608065308173319e-15,4.568403850073298602e-17,0.000000000000000000e+00,1.534593814397472539e-20,1.221190955998021631e-14
1.380000000000000000e+02,1.604200226856298261e+00,6.339125354396119016e-01,0.000000000000000000e+00,9.702876914166862488e-01,4.623333166925209074e-15,2.864463303264904948e+00,-3.099999999999938360e-01,1.000000000000000000e+00,3.638518435890079547e-03,4.623013497232597371e-15,5.436705399789290504e-17,0.000000000000000000e+00,1.534594519706372271e-20,1.221191517265010399e-14
1.390000000000000000e+02,1.604202661961290355e+00,6.339125152822777665e-01,0.000000000000000000e+00,9.702901466790125884e-01,4.628270475544807536e-15,2.864465065778056818e+00,-3.099999999999938360e-01,1.000000000000000000e+00,3.638518435890079547e-03,4.627949913223533962e-15,5.447196763971464105e-17,0.000000000000000000e+00,1.534593791545397428e-20,1.221190937812918105e-14
1.400000000000000000e+02,1.604202236063864806e+00,6.339125221315299319e-01,0.000000000000000000e+00,9.702897139323349851e-01,4.621621197650955366e-15,2.864464755130471385e+00,-3.099999999999938360e-01,1.000000000000000000e+00,3.638518435890079547e-03,4.621360034901774010e-15,4.913168177278994458e-17,0.000000000000000000e+00,1.534594522430757562e-20,1.221191519433007637e-14
1.410000000000000000e+02,1.604202804987632902e+00,6.339125260499269832e-01,0.000000000000000000e+00,9.702902789377059189e-01,4.304691170834683398e-15,2.864465160720063075e+00,-3.099999999999938360e-01,1.000000000000000000e+00,3.638518435890079547e-03,4.303744992137774286e-15,9.025031122165141354e-17,0.000000000000000000e+00,1.534595057444497459e-20,1.221191945183414178e-14
1.420000000000000000e+02,1.604201399588004895e+00,6.339125357134985927e-01,0.000000000000000000e+00,9.702888638745063021e-01,4.305546178891651037e-15,2.864464144915505273e+00,-3.099999999999938360e-01,1.000000000000000000e+00,3.638518435890079547e-03,4.304688535564017807e-15,8.593317238828109338e-17,0.000000000000000000e+00,1.534593280676834508e-20,1.221190531276633022e-14
1.430000000000000000e+02,1.604201996801236874e+00,6.339125211697348439e-01,0.000000000000000000e+00,9.702894756315021407e-01,4.306886637692504418e-15,2.864464584065978148e+00,-3.099999999999938360e-01,1.000000000000000000e+00,3.638518435890079547e-03,4.305937531049049679e-15,9.041287741223721365e-17,0.000000000000000000e+00,1.534595055081197852e-20,1.221191943302759998e-14
1.440000000000000000e+02,1.604202251224099873e+00,6.339125380022863077e-01,0.000000000000000000e+00,9.702897132218135656e-01,4.309615373393902912e-15,2.864464754620422937e+00,-3.099999999999938360e-01,1.000000000000000000e+00,3.638518435890079547e-03,4.308725436515049314e-15,8.757727493917350704e-17,0.000000000000000000e+00,1.534593284277334960e-20,1.221190534141820163e-14
1.450000000000000000e+02,1.604201767444174198e+00,6.339125316375532337e-01,0.000000000000000000e+00,9.702892358066210754e-01,4.570365302266864594e-15,2.864464411907424068e+00,-3.099999999999938360e-01,1.000000000000000000e+00,3.638518435890079547e-03,4.570197222569947605e-15,3.919620827740499903e-17,0.000000000000000000e+00,1.534592619499158453e-20,1.221190005128155768e-14
1.460000000000000000e+02,1.604202079152080795e+00,6.339125206885140029e-01,0.000000000000000000e+00,9.702895584635669035e-01,4.559994858216089751e-15,2.864464643527061760e+00,-3.099999999999938360e-01,1.000000000000000000e+00,3.638518435890079547e-03,4.559872415572562382e-15,3.341646932458210327e-17,0.000000000000000000e+00,1.534595743471598070e-20,1.221192491106434982e-14
1.470000000000000000e+02,1.604201889666263536e+00,6.339125406965271381e-01,0.000000000000000000e+00,9.702893489697362872e-01,4.573562880914470818e-15,2.864464493141693158e+00,-3.099999999999938360e-01,1.000000000000000000e+00,3.638518435890079547e-03,4.573368739629804766e-15,4.214020431915305996e-17,0.000000000000000000e+00,1.534592652778230320e-20,1.221190031610799640e-14
1.480000000000000000e+02,1.604201827428632487e+00,6.339125254370975293e-01,0.000000000000000000e+00,9.702893019915349582e-01,4.566558401566849027e-15,2.864464459418339271e+00,-3.099999999999938360e-01,1.000000000000000000e+00,3.638518435890079547e-03,4.566361427652719183e-15,4.241399215703189079e-17,0.000000000000000000e+00,1.534595735658639546e-20,1.221192484889079980e-14
1.490000000000000000e+02,2.009577247557598201e-01,2.005556267120552072e-01,0.000000000000000000e+00,4.020980437046171125e-04,2.915783712796865263e-15,1.499776291741172329e+00,-3.099999999999938360e-01,1.000000000000000000e+00,3.638518435890079547e-03,2.915227938567372407e-15,5.692737412730982869e-17,0.000000000000000000e+00,9.092283123509638883e-21,7.235409015487885172e-15
1.500000000000000000e+02,2.009577224712403576e-01,2.005556241455386246e-01,0.000000000000000000e+00,4.020983257017381879e-04,2.945126424582661467e-15,1.499776301685229685e+00,-3.099999999999938360e-01,1.000000000000000000e+00,3.638518435890079547e-03,2.944509954026780136e-15,6.025601488307774302e-17,0.000000000000000000e+00,9.092283099904254329e-21,7.235408996703316304e-15
1.510000000000000000e+02,2.009577247673445255e-01,2.005556267888347344e-01,0.000000000000000000e+00,4.020979785097936686e-04,2.887903228888172793e-15,1.499776289442208421e+00,-3.099999999999938360e-01,1.000000000000000000e+00,3.638518435890079547e-03,2.887241711819801570e-15,6.180903548775909610e-17,0.000000000000000000e+00,9.092283062279991104e-21,7.235408966762880041e-15
1.520000000000000000e+02,2.009577359688825560e-01,2.005556379125402466e-01,0.000000000000000000e+00,4.020980563423012517e-04,2.906440324655521690e-15,1.499776292186814741e+00,-3.099999999999938360e-01,1.000000000000000000e+00,3.638518435890079547e-03,2.905592472949839150e-15,7.019787630877870355e-17,0.000000000000000000e+00,9.092283039616736872e-21,7.235408948728033534e-15
1.530000000000000000e+02,2.009577375500268825e-01,2.005556394879441928e-01,0.000000000000000000e+00,4.020980620826830002e-04,2.956662243426803289e-15,1.499776292389237708e+00,-3.099999999999938360e-01,1.000000000000000000e+00,3.638518435890079547e-03,2.956382539762866505e-15,4.066817193101317283e-17,0.000000000000000000e+00,9.092283050975050155e-21,7.235408957766692923e-15
1.540000000000000000e+02,2.009577257060706224e-01,2.005556276654298364e-01,0.000000000000000000e+00,4.020980406407739338e-04,2.848943332937560135e-15,1.499776291633132086e+00,-3.099999999999938360e-01,1.000000000000000000e+00,3.638518435890079547e-03,2.848373704954456988e-15,5.696798338297659416e-17,0.000000000000000000e+00,9.092282606160580497e-21,7.235408603794584269e-15
1.550000000000000000e+02,2.009577213064801526e-01,2.005556232260660710e-01,0.000000000000000000e+00,4.020980804140709486e-04,2.845979899259630935e-15,1.499776293035657071e+00,-3.099999999999938360e-01,1.000000000000000000e+00,3.638518435890079547e-03,2.845370514356976039e-15,5.889162024522144115e-17,0.000000000000000000e+00,9.092283214807293149e-21,7.235409088140250093e-15
1.560000000000000000e+02,2.009577236402161904e-01,2.005556257162244282e-01,0.000000000000000000e+00,4.020979239917655016e-04,2.924865997038145278e-15,1.499776287519740015e+00,-3.099999999999938360e-01,1.000000000000000000e+00,3.638518435890079547e-03,2.923918784673028408e-15,7.443145291792958933e-17,0.000000000000000000e+00,9.092283028052123391e-21,7.235408939525209035e-15
1.570000000000000000e+02,2.009577183148498758e-01,2.005556202209504146e-01,0.000000000000000000e+00,4.020980938994523799e-04,2.911049191846883901e-15,1.499776293511191794e+00,-3.099999999999938360e-01,1.000000000000000000e+00,3.638518435890079547e-03,2.910555713738241130e-15,5.359882923537519381e-17,0.000000000000000000e+00,9.092283282538119076e-21,7.235409142038728102e-15
1.580000000000000000e+02,2.009577212800092161e-01,2.005556231082824548e-01,0.000000000000000000e+00,4.020981717267699956e-04,2.889096444656368441e-15,1.499776296255614705e+00,-3.099999999999938360e-01,1.000000000000000000e+00,3.638518435890079547e-03,2.888655635229788755e-15,5.046669692563078183e-17,0.000000000000000000e+00,9.092283434471894651e-21,7.235409262943786619e-15
1.590000000000000000e+02,2.009577250750117783e-01,2.005556270548934095e-01,0.000000000000000000e+00,4.020980201183772720e-04,2.845893395581293421e-15,1.499776290909451193e+00,-3.099999999999938360e-01,1.000000000000000000e+00,3.638518435890079547e-03,2.845101631489687030e-15,6.712619030807603236e-17,0.000000000000000000e+00,9.092282927583449526e-21,7.235408859574777913e-15
1.600000000000000000e+02,2.009577255810349461e-01,2.005556275427564650e-01,0.000000000000000000e+00,4.020980382784782449e-04,2.957505248575419636e-15,1.499776291549830498e+00,-3.099999999999938360e-01,1.000000000000000000e+00,3.638518435890079547e-03,2.956703554584470924e-15,6.885771979988120106e-17,0.000000000000000000e+00,9.092283503879001854e-21,7.235409318176206331e-15
1.610000000000000000e+02,2.009577264928882057e-01,2.005556284418441582e-01,0.000000000000000000e+00,4.020980510440444098e-04,3.015847805138589735e-15,1.499776291999982414e+00,-3.099999999999938360e-01,1.000000000000000000e+00,3.638518435890079547e-03,3.015334804872372121e-15,5.562371977737650105e-17,0.000000000000000000e+00,9.092282965643792944e-21,7.235408889862237244e-15
1.620000000000000000e+02,2.009577256591341399e-01,2.005556275987549208e-01,0.000000000000000000e+00,4.020980603792234155e-04,2.863804032893990442e-15,1.499776292329168648e+00,-3.099999999999938360e-01,1.000000000000000000e+00,3.638518435890079547e-03,2.863299936315508602e-15,5.373093552897093681e-17,0.000000000000000000e+00,9.092283608338031035e-21,7.235409401302061343e-15
1.630000000000000000e+02,2.009577246779792326e-01,2.005556266399461940e-01,0.000000000000000000e+00,4.020980380330345513e-04,2.813842231596115264e-15,1.499776291541175421e+00,-3.099999999999938360e-01,1.000000000000000000e+00,3.638518435890079547e-03,2.812961665223651093e-15,7.039015707697601893e-17,0.000000000000000000e+00,9.092283414985215103e-21,7.235409247436778619e-15
1.640000000000000000e+02,2.009577238590316006e-01,2.005556258081954979e-01,0.000000000000000000e+00,4.020980508361045704e-04,2.857420770476037772e-15,1.499776291992649835e+00,-3.099999999999938360e-01,1.000000000000000000e+00,3.638518435890079547e-03,2.857090955569218238e-15,4.341348949088033255e-17,0.000000000000000000e+00,9.092283055401610548e-21,7.235408961289237699e-15
1.650000000000000000e+02,2.009577244249221573e-01,2.005556263861514865e-01,0.000000000000000000e+00,4.020980387706754025e-04,2.867708071603971712e-15,1.499776291567186837e+00,-3.099999999999938360e-01,1.000000000000000000e+00,3.638518435890079547e-03,2.867280893168472999e-15,4.949609611782110172e-17,0.000000000000000000e+00,9.092283161036103988e-21,7.235409045350497151e-15
1.660000000000000000e+02,2.009577246788218363e-01,2.005556266360887518e-01,0.000000000000000000e+00,4.020980427330746046e-04,2.843781601933490133e-15,1.499776291706912845e+00,-3.099999999999938360e-01,1.000000000000000000e+00,3.638518435890079547e-03,2.843187971214437883e-15,5.810300985548075399e-17,0.000000000000000000e+00,9.092283115191436110e-21,7.235409008868468119e-15
1.670000000000000000e+02,2.009577244434671006e-01,2.005556264015613543e-01,0.000000000000000000e+00,4.020980419057418819e-04,2.826434483131938367e-15,1.499776291677738627e+00,-3.099999999999938360e-01,1.000000000000000000e+00,3.638518435890079547e-03,2.825268151598978647e-15,8.118964783226156542e-17,0.000000000000000000e+00,9.092283132878370236e-21,7.235409022943283369e-15
1.680000000000000000e+02,2.009577243969331573e-01,2.005556263478802670e-01,0.000000000000000000e+00,4.020980490528769250e-04,2.902748355694964748e-15,1.499776291929767913e+00,-3.099999999999938360e-01,1.000000000000000000e+00,3.638518435890079547e-03,2.902162118911835230e-15,5.833568342204169421e-17,0.000000000000000000e+00,9.092283218184071259e-21,7.235409090827403792e-15
1.690000000000000000e+02,2.009577245767001641e-01,2.005556265386841674e-01,0.000000000000000000e+00,4.020980380160016267e-04,2.907531405936276800e-15,1.499776291540574791e+00,-3.099999999999938360e-01,1.000000000000000000e+00,3.638518435890079547e-03,2.906964822027894483e-15,5.739686328924440624e-17,0.000000000000000000e+00,9.092283483786132847e-21,7.235409302186809887e-15
1.700000000000000000e+02,2.009577238730314297e-01,2.005556258243492151e-01,0.000000000000000000e+00,4.020980486822146567e-04,2.909101671481924488e-15,1.499776291916697257e+00,-3.099999999999938360e-01,1.000000000000000000e+00,3.638518435890079547e-03,2.908183423832163640e-15,7.308699120972546555e-17,0.000000000000000000e+00,9.092283244385738777e-21,7.235409111678029347e-15
1.710000000000000000e+02,2.009577244855984268e-01,2.005556264403359212e-01,0.000000000000000000e+00,4.020980452625067805e-04,2.888722352417767267e-15,1.499776291796108163e+00,-3.099999999999938360e-01,1.000000000000000000e+00,3.638518435890079547e-03,2.888279668166275202e-15,5.057062124081218674e-17,0.000000000000000000e+00,9.092283479963951839e-21,7.235409299145214672e-15
1.720000000000000000e+02,2.009577247393374011e-01,2.005556266939520493e-01,0.000000000000000000e+00,4.020980453853513861e-04,2.843632462095957250e-15,1.499776291800440031e+00,-3.099999999999938360e-01,1.000000000000000000e+00,3.638518435890079547e-03,2.842768015061022538e-15,7.011128261028600630e-17,0.000000000000000000e+00,9.092283090721507623e-21,7.235408989395917879e-15
1.730000000000000000e+02,2.009577254685991632e-01,2.005556274210883450e-01,0.000000000000000000e+00,4.020980475108174219e-04,2.865788253048178940e-15,1.499776291875390299e+00,-3.099999999999938360e-01,1.000000000000000000e+00,3.638518435890079547e-03,2.864969191204632251e-15,6.851163897134092609e-17,0.000000000000000000e+00,9.092283116617861077e-21,7.235409010003582164e-15
1.740000000000000000e+02,2.009577254454253670e-01,2.005556274068525935e-01,0.000000000000000000e+00,4.020980385727600964e-04,2.940977172797736253e-15,1.499776291560207753e+00,-3.099999999999938360e-01,1.000000000000000000e+00,3.638518435890079547e-03,2.940391200324831839e-15,5.870536506137682254e-17,0.000000000000000000e+00,9.092283007510670693e-21,7.235408923178838831e-15
1.750000000000000000e+02,2.009577131763390923e-01,2.005556151617522986e-01,0.000000000000000000e+00,4.020980145867920452e-04,2.875487620103390620e-15,1.499776290714391003e+00,-3.099999999999938360e-01,1.000000000000000000e+00,3.638518435890079547e-03,2.874932082670443631e-15,5.652055659118477250e-17,0.000000000000000000e+00,9.092283067891011955e-21,7.235408971227987381e-15
1.760000000000000000e+02,2.009577297895770998e-01,2.005556317715861125e-01,0.000000000000000000e+00,4.020980179909970772e-04,2.870374082915906987e-15,1.499776290834433423e+00,-3.099999999999938360e-01,1.000000000000000000e+00,3.638518435890079547e-03,2.869775801487229436e-15,5.860226097168884248e-17,0.000000000000000000e+00,9.092283113489260105e-21,7.235409007513921370e-15
1.770000000000000000e+02,2.009577411250819401e-01,2.005556430697311709e-01,0.000000000000000000e+00,4.020980553507600384e-04,2.882491774077000104e-15,1.499776292151850043e+00,-3.099999999999938360e-01,1.000000000000000000e+00,3.638518435890079547e-03,2.881589205303386927e-15,7.212821513038907025e-17,0.000000000000000000e+00,9.092283186330249241e-21,7.235409065478937902e-15
1.780000000000000000e+02,2.009577264730852963e-01,2.005556284375397957e-01,0.000000000000000000e+00,4.020980355455077110e-04,2.929023483643406727e-15,1.499776291453457810e+00,-3.099999999999938360e-01,1.000000000000000000e+00,3.638518435890079547e-03,2.928354794945778701e-15,6.258404405240358854e-17,0.000000000000000000e+00,9.092283266282570691e-21,7.235409129102974357e-15
1.790000000000000000e+02,2.009577231306013123e-01,2.005556250892028547e-01,0.000000000000000000e+00,4.020980413984638516e-04,2.910368555894754695e-15,1.499776291659850491e+00,-3.099999999999938360e-01,1.000000000000000000e+00,3.638518435890079547e-03,2.909558397026859947e-15,6.866633344471072762e-17,0.000000000000000000e+00,9.092283259055243227e-21,7.235409123351649821e-15
1.800000000000000000e+02,2.009577193796584227e-01,2.005556213597257664e-01,0.000000000000000000e+00,4.020980199326463383e-04,2.865616950008112613e-15,1.499776290902901765e+00,-3.099999999999938360e-01,1.000000000000000000e+00,3.638518435890079547e-03,2.865199868497717470e-15,4.888985223736644918e-17,0.000000000000000000e+00,9.092283180660389725e-21,7.235409060967006934e-15
1.810000000000000000e+02,2.009577254271738556e-01,2.005556273982709858e-01,0.000000000000000000e+00,4.020980289028802364e-04,2.861215416899557747e-15,1.499776291219218960e+00,-3.099999999999938360e-01,1.000000000000000000e+00,3.638518435890079547e-03,2.860566712735271116e-15,6.092408236457151917e-17,0.000000000000000000e+00,9.092283115140942139e-21,7.235409008828286700e-15
1.820000000000000000e+02,2.009577267768882791e-01,2.005556287508027669e-01,0.000000000000000000e+00,4.020980260855197964e-04,2.859299079944625816e-15,1.499776291119870431e+00,-3.099999999999938360e-01,1.000000000000000000e+00,3.638518435890079547e-03,2.858842651696152751e-15,5.108738917211668193e-17,0.000000000000000000e+00,9.092283120168353555e-21,7.235409012828975848e-15
1.830000000000000000e+02,2.009577279763224700e-01,2.005556299031759915e-01,0.000000000000000000e+00,4.020980731464900973e-04,2.797477544704578592e-15,1.499776292779380515e+00,-3.099999999999938360e-01,1.000000000000000000e+00,3.638518435890079547e-03,2.796482064496683922e-15,7.462356190942117381e-17,0.000000000000000000e+00,9.092283079747423383e-21,7.235408980663019399e-15
1.840000000000000000e+02,2.009577242944854958e-01,2.005556262496905884e-01,0.000000000000000000e+00,4.020980447948986776e-04,2.871687368066753576e-15,1.499776291779618909e+00,-3.099999999999938360e-01,1.000000000000000000e+00,3.638518435890079547e-03,2.871235229895995949e-15,5.095678988686831605e-17,0.000000000000000000e+00,9.092282918977934117e-21,7.235408852726725304e-15
1.850000000000000000e+02,2.009577237951371831e-01,2.005556257504873263e-01,0.000000000000000000e+00,4.020980446498703740e-04,2.927952754079501162e-15,1.499776291774504777e+00,-3.099999999999938360e-01,1.000000000000000000e+00,3.638518435890079547e-03,2.927209991947517806e-15,6.594689592147696152e-17,0.000000000000000000e+00,9.092282736720803837e-21,7.235408707691110627e-15
1.860000000000000000e+02,2.009577234973652371e-01,2.005556254598644395e-01,0.000000000000000000e+00,4.020980375008021985e-04,2.855421471482241531e-15,1.499776291522407323e+00,-3.099999999999938360e-01,1.000000000000000000e+00,3.638518435890079547e-03,2.854847259964305557e-15,5.726169743761468080e-17,0.000000000000000000e+00,9.092282733121346095e-21,7.235408704826751947e-15
1.870000000000000000e+02,2.009577239062081688e-01,2.005556258481122622e-01,0.000000000000000000e+00,4.020980580959149448e-04,2.928139881012612535e-15,1.499776292248652387e+00,-3.099999999999938360e-01,1.000000000000000000e+00,3.638518435890079547e-03,2.927184700644795094e-15,7.478563368007222689e-17,0.000000000000000000e+00,9.092283132547081698e-21,7.235409022679653943e-15
1.880000000000000000e+02,2.009577248429431917e-01,2.005556268083240057e-01,0.000000000000000000e+00,4.020980346191827220e-04,2.860001667879499707e-15,1.499776291420792829e+00,-3.099999999999938360e-01,1.000000000000000000e+00,3.638518435890079547e-03,2.859055494384182420e-15,7.356099661142758079e-17,0.000000000000000000e+00,9.092283061784500487e-21,7.235408966368582117e-15
1.890000000000000000e+02,2.009577245484163721e-01,2.005556265057440168e-01,0.000000000000000000e+00,4.020980426723417731e-04,2.887096965538824411e-15,1.499776291704771225e+00,-3.099999999999938360e-01,1.000000000000000000e+00,3.638518435890079547e-03,2.886651901649774129e-15,5.069208066907514299e-17,0.000000000000000000e+00,9.092283093127416925e-21,7.235408991310481718e-15
1.900000000000000000e+02,2.009577250054377928e-01,2.005556269505620604e-01,0.000000000000000000e+00,4.020980548757217355e-04,2.911958388711269872e-15,1.499776292135098776e+00,-3.099999999999938360e-01,1.000000000000000000e+00,3.638518435890079547e-03,2.911161419558853498e-15,6.812376072519504674e-17,0.000000000000000000e+00,9.092283023510184747e-21,7.235408935910847160e-15
1.910000000000000000e+02,2.009577250468000398e-01,2.005556270001322972e-01,0.000000000000000000e+00,4.020980466677363373e-04,2.860063726682654800e-15,1.499776291845660747e+00,-3.099999999999938360e-01,1.000000000000000000e+00,3.638518435890079547e-03,2.858716869456165019e-15,8.776320920492493824e-17,0.000000000000000000e+00,9.092282773328880220e-21,7.235408736822891887e-15
1.920000000000000000e+02,2.009577243850165784e-01,2.005556263336149836e-01,0.000000000000000000e+00,4.020980514015903796e-04,2.971216018804815102e-15,1.499776292012590551e+00,-3.099999999999938360e-01,1.000000000000000000e+00,3.638518435890079547e-03,2.970535900701625013e-15,6.356959149193125470e-17,0.000000000000000000e+00,9.092282910398686587e-21,7.235408845899577509e-15
1.930000000000000000e+02,2.009577241875583897e-01,2.005556261513185556e-01,0.000000000000000000e+00,4.020980362398327880e-04,2.884123915609220810e-15,1.499776291477941781e+00,-3.099999999999938360e-01,1.000000000000000000e+00,3.638518435890079547e-03,2.883537453140306937e-15,5.815940889920791298e-17,0.000000000000000000e+00,9.092283128422633509e-21,7.235409019397520839e-15
1.940000000000000000e+02,2.009577243124634760e-01,2.005556262749943197e-01,0.000000000000000000e+00,4.020980374691607339e-04,2.937672819627268895e-15,1.499776291521291549e+00,-3.099999999999938360e-01,1.000000000000000000e+00,3.638518435890079547e-03,2.936885059705004660e-15,6.802750308285451345e-17,0.000000000000000000e+00,9.092283326541164592e-21,7.235409177055239743e-15
1.950000000000000000e+02,2.009577244895069392e-01,2.005556264474763206e-01,0.000000000000000000e+00,4.020980420306077656e-04,2.875638454930894804e-15,1.499776291682141771e+00,-3.099999999999938360e-01,1.000000000000000000e+00,3.638518435890079547e-03,2.874820440655853791e-15,6.858540210538384284e-17,0.000000000000000000e+00,9.092283107560030488e-21,7.235409002795589679e-15
1.960000000000000000e+02,2.009577246923069660e-01,2.005556266484203043e-01,0.000000000000000000e+00,4.020980438866518384e-04,2.864271060620273149e-15,1.499776291747591417e+00,-3.099999999999938360e-01,1.000000000000000000e+00,3.638518435890079547e-03,2.863860914821857646e-15,4.847029172417505040e-17,0.000000000000000000e+00,9.092283218759096765e-21,7.235409091284995182e-15
1.970000000000000000e+02,2.009577249943814425e-01,2.005556269508172174e-01,0.000000000000000000e+00,4.020980435642295195e-04,2.823744130631708033e-15,1.499776291736221845e+00,-3.099999999999938360e-01,1.000000000000000000e+00,3.638518435890079547e-03,2.823409828191120932e-15,4.344947949211291299e-17,0.000000000000000000e+00,9.092283048640151996e-21,7.235408955908641501e-15
1.980000000000000000e+02,2.009577253362860028e-01,2.005556272934419793e-01,0.000000000000000000e+00,4.020980428440371676e-04,2.832865961249730957e-15,1.499776291710825715e+00,-3.099999999999938360e-01,1.000000000000000000e+00,3.638518435890079547e-03,2.831999540326405746e-15,7.005824659323649213e-17,0.000000000000000000e+00,9.092283305189558931e-21,7.235409160064171387e-15
1.990000000000000000e+02,2.009577237852910592e-01,2.005556257399136733e-01,0.000000000000000000e+00,4.020980453773733386e-04,2.793605588990565356e-15,1.499776291800158701e+00,-3.099999999999938360e-01,1.000000000000000000e+00,3.638518435890079547e-03,2.793055444171844850e-15,5.543890816628747620e-17,0.000000000000000000e+00,9.092283128207343129e-21,7.235409019226199183e-15
2.000000000000000000e+02,2.009577249517383590e-01,2.005556269084736443e-01,0.000000000000000000e+00,4.020980432647276140e-04,2.928975597816745523e-15,1.499776291725660515e+00,-3.099999999999938360e-01,1.000000000000000000e+00,3.638518435890079547e-03,2.928328526033460508e-15,6.156375672416403623e-17,0.000000000000000000e+00,9.092283103508213932e-21,7.235408999571256413e-15
2.010000000000000000e+02,2.009577291328502879e-01,2.005556310854212654e-01,0.000000000000000000e+00,4.020980474290154522e-04,2.908992253262653320e-15,1.499776291872505718e+00,-3.099999999999938360e-01,1.000000000000000000e+00,3.638518435890079547e-03,2.908476576965588650e-15,5.477162314548822560e-17,0.000000000000000000e+00,9.092283141198261207e-21,7.235409029564044641e-15
2.020000000000000000e+02,2.009577254630368626e-01,2.005556274199445377e-01,0.000000000000000000e+00,4.020980430923270003e-04,2.819249740719241027e-15,1.499776291719581156e+00,-3.099999999999938360e-01,1.000000000000000000e+00,3.638518435890079547e-03,2.818597900112441936e-15,6.062159635451387194e-17,0.000000000000000000e+00,9.092283128430460608e-21,7.235409019403749685e-15
2.030000000000000000e+02,2.009577247866413674e-01,2.005556267479093879e-01,0.000000000000000000e+00,4.020980387319877079e-04,2.883830414769589199e-15,1.499776291565822595e+00,-3.099999999999938360e-01,1.000000000000000000e+00,3.638518435890079547e-03,2.883433506874008261e-15,4.784425256737549729e-17,0.000000000000000000e+00,9.092283153056181782e-21,7.235409039000277305e-15
2.040000000000000000e+02,2.009577231587060531e-01,2.005556250987548528e-01,0.000000000000000000e+00,4.020980599511908603e-04,2.804665914813959601e-15,1.499776292314074944e+00,-3.099999999999938360e-01,1.000000000000000000e+00,3.638518435890079547e-03,2.804086866284145594e-15,5.698894602741941477e-17,0.000000000000000000e+00,9.092283115293119193e-21,7.235409008949386315e-15
2.050000000000000000e+02,2.009577242369463002e-01,2.005556261941763285e-01,0.000000000000000000e+00,4.020980427699676735e-04,2.835538466446353004e-15,1.499776291708213805e+00,-3.099999999999938360e-01,1.000000000000000000e+00,3.638518435890079547e-03,2.835035147231074261e-15,5.342385776735256242e-17,0.000000000000000000e+00,9.092283121929869267e-21,7.235409014230745389e-15
2.060000000000000000e+02,2.009577236589088489e-01,2.005556256028503959e-01,0.000000000000000000e+00,4.020980560584595624e-04,2.866941001292622171e-15,1.499776292176805637e+00,-3.099999999999938360e-01,1.000000000000000000e+00,3.638518435890079547e-03,2.866528428758994736e-15,4.863611751116967523e-17,0.000000000000000000e+00,9.092283162717487473e-21,7.235409046688499910e-15
2.070000000000000000e+02,2.009577250729788767e-01,2.005556270581831391e-01,0.000000000000000000e+00,4.020980147957268027e-04,2.854875221798692429e-15,1.499776290721758665e+00,-3.099999999999938360e-01,1.000000000000000000e+00,3.638518435890079547e-03,2.854336820729237548e-15,5.544227436506448605e-17,0.000000000000000000e+00,9.092283141223095171e-21,7.235409029583805607e-15
2.080000000000000000e+02,2.009577246662393180e-01,2.005556266224115536e-01,0.000000000000000000e+00,4.020980438277639937e-04,2.911673832014384266e-15,1.499776291745514856e+00,-3.099999999999938360e-01,1.000000000000000000e+00,3.638518435890079547e-03,2.911084189890227637e-15,5.859473803862067149e-17,0.000000000000000000e+00,9.092283027216913778e-21,7.235408938860568479e-15
2.090000000000000000e+02,2.009577254637644472e-01,2.005556274182641596e-01,0.000000000000000000e+00,4.020980455002998557e-04,2.949071934606462993e-15,1.499776291804493455e+00,-3.099999999999938360e-01,1.000000000000000000e+00,3.638518435890079547e-03,2.948580026608483320e-15,5.386187971424769308e-17,0.000000000000000000e+00,9.092283065411793935e-21,7.235408969255088856e-15
2.100000000000000000e+02,2.009577251896154659e-01,2.005556271439570548e-01,0.000000000000000000e+00,4.020980456584003849e-04,2.871594858640494174e-15,1.499776291810068551e+00,-3.099999999999938360e-01,1.000000000000000000e+00,3.638518435890079547e-03,2.870783695793879445e-15,6.824957180733545866e-17,0.000000000000000000e+00,9.092283047737363307e-21,7.235408955190224297e-15
2.110000000000000000e+02,2.009577234740566043e-01,2.005556254073657396e-01,0.000000000000000000e+00,4.020980666908588745e-04,2.873138867183727705e-15,1.499776292551735724e+00,-3.099999999999938360e-01,1.000000000000000000e+00,3.638518435890079547e-03,2.872484810188491617e-15,6.130224527297526592e-17,0.000000000000000000e+00,9.092283481773940801e-21,7.235409300585557934e-15
2.120000000000000000e+02,2.009577267600654027e-01,2.005556287469314747e-01,0.000000000000000000e+00,4.020980131339270901e-04,2.856829486459155241e-15,1.499776290663158651e+00,-3.099999999999938360e-01,1.000000000000000000e+00,3.638518435890079547e-03,2.856229364254935454e-15,5.855367953987205298e-17,0.000000000000000000e+00,9.092283012441228897e-21,7.235408927102453114e-15
2.130000000000000000e+02,2.009577200872379732e-01,2.005556219264928997e-01,0.000000000000000000e+00,4.020981607450657886e-04,2.864136140223269664e-15,1.499776295868367137e+00,-3.099999999999938360e-01,1.000000000000000000e+00,3.638518435890079547e-03,2.863526946797712602e-15,5.906991293162480783e-17,0.000000000000000000e+00,9.092283206614498508e-21,7.235409081620631833e-15
2.140000000000000000e+02,2.009577264822084153e-01,2.005556284924496779e-01,0.000000000000000000e+00,4.020979897587260640e-04,2.912588135243966479e-15,1.499776289838879340e+00,-3.099999999999938360e-01,1.000000000000000000e+00,3.638518435890079547e-03,2.912008388704529914e-15,5.811015053932293291e-17,0.000000000000000000e+00,9.092282935292215842e-21,7.235408865709219058e-15
2.150000000000000000e+02,2.009577289240806475e-01,2.005556310059024572e-01,0.000000000000000000e+00,4.020979181781905655e-04,2.903233359205081659e-15,1.499776287314736001e+00,-3.099999999999938360e-01,1.000000000000000000e+00,3.638518435890079547e-03,2.902751417890799942e-15,5.289748435892975438e-17,0.000000000000000000e+00,9.092283088687335902e-21,7.235408987777176879e-15
2.160000000000000000e+02,2.009577250784296554e-01,2.005556270156282073e-01,0.000000000000000000e+00,4.020980628014585710e-04,2.857512348599249010e-15,1.499776292414583878e+00,-3.099999999999938360e-01,1.000000000000000000e+00,3.638518435890079547e-03,2.856924872707737642e-15,5.794043508985920129e-17,0.000000000000000000e+00,9.092283098709530772e-21,7.235408995752585874e-15
2.170000000000000000e+02,2.009577261354902888e-01,2.005556281013031739e-01,0.000000000000000000e+00,4.020980341871201874e-04,2.870942334473457078e-15,1.499776291405557016e+00,-3.099999999999938360e-01,1.000000000000000000e+00,3.638518435890079547e-03,2.870047246655361765e-15,7.168465494935911193e-17,0.000000000000000000e+00,9.092283097125731749e-21,7.235408994492240161e-15
2.180000000000000000e+02,2.009577245775064080e-01,2.005556265099584512e-01,0.000000000000000000e+00,4.020980675479693183e-04,2.906130931600711171e-15,1.499776292581959991e+00,-3.099999999999938360e-01,1.000000000000000000e+00,3.638518435890079547e-03,2.905305712845175016e-15,6.925103921918954483e-17,0.000000000000000000e+00,9.092283214559099460e-21,7.235409087942742988e-15
2.190000000000000000e+02,2.009577234512281707e-01,2.005556254246872727e-01,0.000000000000000000e+00,4.020980265409057424e-04,2.941285902871551971e-15,1.499776291135928696e+00,-3.099999999999938360e-01,1.000000000000000000e+00,3.638518435890079547e-03,2.940874432400944305e-15,4.919690232801576258e-17,0.000000000000000000e+00,9.092282793612184578e-21,7.235408752963831667e-15
2.200000000000000000e+02,2.009577247527039867e-01,2.005556267034198370e-01,0.000000000000000000e+00,4.020980492841528067e-04,2.953117063652167924e-15,1.499776291937923389e+00,-3.099999999999938360e-01,1.000000000000000000e+00,3.638518435890079547e-03,2.952353929614760195e-15,6.713170517137640232e-17,0.000000000000000000e+00,9.092283550910903227e-21,7.235409355603003583e-15
2.210000000000000000e+02,2.009577249185257874e-01,2.005556268770858908e-01,0.000000000000000000e+00,4.020980414398906203e-04,2.873049758452377235e-15,1.499776291661311323e+00,-3.099999999999938360e-01,1.000000000000000000e+00,3.638518435890079547e-03,2.872554369515592179e-15,5.335080728040950124e-17,0.000000000000000000e+00,9.092282985607149181e-21,7.235408905748570589e-15
2.220000000000000000e+02,2.009577246644864423e-01,2.005556266238352203e-01,0.000000000000000000e+00,4.020980406512266185e-04,2.907731320911244172e-15,1.499776291633500680e+00,-3.099999999999938360e-01,1.000000000000000000e+00,3.638518435890079547e-03,2.906764554081232136e-15,7.497507360791818794e-17,0.000000000000000000e+00,9.092283353028691271e-21,7.235409198133342807e-15
2.230000000000000000e+02,3.950210873861819067e-04,3.941192139892902755e-04,0.000000000000000000e+00,9.018733968916224018e-07,2.050362389359293104e-15,1.470074904051384745e+00,-3.099999999999938360e-01,1.000000000000000000e+00,3.950210873861819067e-04,2.049821710989815267e-15,4.708376357532143213e-17,0.000000000000000000e+00,7.843414056885119854e-21,6.241590589348615869e-15
2.240000000000000000e+02,3.950210696168625249e-04,3.941192096798579615e-04,0.000000000000000000e+00,9.018599370045575007e-07,2.022661264969275627e-15,1.470074914073404404e+00,-3.099999999999938360e-01,1.000000000000000000e+00,3.950210873861819067e-04,2.022084902076967638e-15,4.828293216004051090e-17,0.000000000000000000e+00,7.843414051832817299e-21,6.241590585328120790e-15
2.250000000000000000e+02,3.950211407552196657e-04,3.941192670220347583e-04,0.000000000000000000e+00,9.018737331848848500e-07,1.972173572646905627e-15,1.470074903800987043e+00,-3.099999999999938360e-01,1.000000000000000000e+00,3.950210873861819067e-04,1.971689923482431112e-15,4.367431995101843213e-17,0.000000000000000000e+00,7.843414058232148359e-21,6.241590590420547677e-15
2.260000000000000000e+02,3.950212623415547955e-04,3.941193890217723817e-04,0.000000000000000000e+00,9.018733197824330111e-07,1.971383459403240004e-15,1.470074904108798819e+00,-3.099999999999938360e-01,1.000000000000000000e+00,3.950210873861819067e-04,1.970391321875003071e-15,6.253625050196005674e-17,0.000000000000000000e+00,7.843414055581202087e-21,6.241590588310990833e-15
2.270000000000000000e+02,3.950212757808615918e-04,3.941194024423805395e-04,0.000000000000000000e+00,9.018733384810458402e-07,1.977911304795711442e-15,1.470074904094876178e+00,-3.099999999999938360e-01,1.000000000000000000e+00,3.950210873861819067e-04,1.977665514434437284e-15,3.118080489542294580e-17,0.000000000000000000e+00,7.843414055706553043e-21,6.241590588410741505e-15
2.280000000000000000e+02,3.950210872791632918e-04,3.941192138171304088e-04,0.000000000000000000e+00,9.018734620328908984e-07,2.029961896265703271e-15,1.470074904002881766e+00,-3.099999999999938360e-01,1.000000000000000000e+00,3.950210873861819067e-04,2.029478955823657349e-15,4.427717355531738595e-17,0.000000000000000000e+00,7.843413626591397623e-21,6.241590246931752009e-15
2.290000000000000000e+02,3.950211210340639134e-04,3.941192551106695264e-04,0.000000000000000000e+00,9.018659233943672600e-07,1.951748698886182488e-15,1.470074909616023717e+00,-3.099999999999938360e-01,1.000000000000000000e+00,3.950210873861819067e-04,1.950738257801004216e-15,6.279516775906624739e-17,0.000000000000000000e+00,7.843414115860568948e-21,6.241590636279787589e-15
2.300000000000000000e+02,3.950210819438323734e-04,3.941192085004834923e-04,0.000000000000000000e+00,9.018734433488892819e-07,2.014737808355874715e-15,1.470074904016793527e+00,-3.099999999999938360e-01,1.000000000000000000e+00,3.950210873861819067e-04,2.014245090790867806e-15,4.455502869490019665e-17,0.000000000000000000e+00,7.843414036416953305e-21,6.241590573060566941e-15
2.310000000000000000e+02,3.950210590166822861e-04,3.941191856649012173e-04,0.000000000000000000e+00,9.018733517810911094e-07,2.017082071801139104e-15,1.470074904084973211e+00,-3.099999999999938360e-01,1.000000000000000000e+00,3.950210873861819067e-04,2.016146547407738836e-15,6.142624598581593551e-17,0.000000000000000000e+00,7.843414129203188917e-21,6.241590646897506696e-15
2.320000000000000000e+02,3.950210798940850658e-04,3.941192132067159663e-04,0.000000000000000000e+00,9.018666873690812275e-07,2.007616092986586746e-15,1.470074909047180078e+00,-3.099999999999938360e-01,1.000000000000000000e+00,3.950210873861819067e-04,2.006889519992264277e-15,5.400769669618430427e-17,0.000000000000000000e+00,7.843414203748812628e-21,6.241590706219029509e-15
2.330000000000000000e+02,3.950210807774682761e-04,3.941192072649889297e-04,0.000000000000000000e+00,9.018735124793681814e-07,1.952388110646660152e-15,1.470074903965320257e+00,-3.099999999999938360e-01,1.000000000000000000e+00,3.950210873861819067e-04,1.951799111338672941e-15,4.795376429940818187e-17,0.000000000000000000e+00,7.843413941782992540e-21,6.241590497753253567e-15
2.340000000000000000e+02,3.950210884228160099e-04,3.941192150480572276e-04,0.000000000000000000e+00,9.018733747587767451e-07,1.975451261623156208e-15,1.470074904067864452e+00,-3.099999999999938360e-01,1.000000000000000000e+00,3.950210873861819067e-04,1.974658923215345992e-15,5.594482954670273351e-17,0.000000000000000000e+00,7.843414225287046920e-21,6.241590723358611975e-15
2.350000000000000000e+02,3.950210949130288909e-04,3.941192215562575106e-04,0.000000000000000000e+00,9.018733567714039293e-07,1.987342077216005425e-15,1.470074904081257516e+00,-3.099999999999938360e-01,1.000000000000000000e+00,3.950210873861819067e-04,1.986939470811776126e-15,4.000088926419609486e-17,0.000000000000000000e+00,7.843413929916390234e-21,6.241590488310110482e-15
2.360000000000000000e+02,3.950210898488900582e-04,3.941192165040221878e-04,0.000000000000000000e+00,9.018733448678945969e-07,2.007387871674174704e-15,1.470074904090120649e+00,-3.099999999999938360e-01,1.000000000000000000e+00,3.950210873861819067e-04,2.006946683801183275e-15,4.208414977738739952e-17,0.000000000000000000e+00,7.843414450329049457e-21,6.241590902441347359e-15
2.370000000000000000e+02,3.950210885503420920e-04,3.941192151530863315e-04,0.000000000000000000e+00,9.018733972557417488e-07,1.977164240551845665e-15,1.470074904051113629e+00,-3.099999999999938360e-01,1.000000000000000000e+00,3.950210873861819067e-04,1.976517733727154817e-15,5.055771274008563907e-17,0.000000000000000000e+00,7.843414161046696678e-21,6.241590672237766066e-15
2.380000000000000000e+02,3.950210888240758729e-04,3.941192154405662781e-04,0.000000000000000000e+00,9.018733835095679321e-07,1.992320910933830103e-15,1.470074904061348775e+00,-3.099999999999938360e-01,1.000000000000000000e+00,3.950210873861819067e-04,1.991954763325458416e-15,3.819467171876431151e-17,0.000000000000000000e+00,7.843414140707289078e-21,6.241590656052179126e-15
2.390000000000000000e+02,3.950210867658289081e-04,3.941192133541282679e-04,0.000000000000000000e+00,9.018734117006309262e-07,2.034883726154769859e-15,1.470074904040358232e+00,-3.099999999999938360e-01,1.000000000000000000e+00,3.950210873861819067e-04,2.033861011042547228e-15,6.450710556976515800e-17,0.000000000000000000e+00,7.843414079043447916e-21,6.241590606981653708e-15
2.400000000000000000e+02,3.950210868864485682e-04,3.941192135144378590e-04,0.000000000000000000e+00,9.018733720107348370e-07,2.030295894091756264e-15,1.470074904069910593e+00,-3.099999999999938360e-01,1.000000000000000000e+00,3.950210873861819067e-04,2.029803230277227987e-15,4.472430950226767863e-17,0.000000000000000000e+00,7.843414051659597956e-21,6.241590585190278391e-15
2.410000000000000000e+02,3.950210881468601025e-04,3.941192147446611390e-04,0.000000000000000000e+00,9.018734021989367729e-07,2.033345254465633377e-15,1.470074904047433018e+00,-3.099999999999938360e-01,1.000000000000000000e+00,3.950210873861819067e-04,2.032798954000452500e-15,4.713105569639940823e-17,0.000000000000000000e+00,7.843414055556542661e-21,6.241590588291367129e-15
2.420000000000000000e+02,3.950210882365004202e-04,3.941192148577035270e-04,0.000000000000000000e+00,9.018733787968922893e-07,1.993820238925166446e-15,1.470074904064857746e+00,-3.099999999999938360e-01,1.000000000000000000e+00,3.950210873861819067e-04,1.993374673330845101e-15,4.214922074290923684e-17,0.000000000000000000e+00,7.843414070590279584e-21,6.241590600254834820e-15
2.430000000000000000e+02,3.950210877141343072e-04,3.941192143089034265e-04,0.000000000000000000e+00,9.018734052308783962e-07,2.043672518389714283e-15,1.470074904045175490e+00,-3.099999999999938360e-01,1.000000000000000000e+00,3.950210873861819067e-04,2.043210595841945540e-15,4.344908973776756013e-17,0.000000000000000000e+00,7.843414379855580423e-21,6.241590846360342082e-15
2.440000000000000000e+02,3.950210874609648057e-04,3.941192140998159049e-04,0.000000000000000000e+00,9.018733611488869296e-07,2.038267761547578543e-15,1.470074904077998124e+00,-3.099999999999938360e-01,1.000000000000000000e+00,3.950210873861819067e-04,2.037750628622078034e-15,4.591125409942994920e-17,0.000000000000000000e+00,7.843414120992100952e-21,6.241590640363330009e-15
2.450000000000000000e+02,3.950210830731846817e-04,3.941192096767251593e-04,0.000000000000000000e+00,9.018733964595103437e-07,2.007849311829196668e-15,1.470074904051706488e+00,-3.099999999999938360e-01,1.000000000000000000e+00,3.950210873861819067e-04,2.007405373736644051e-15,4.221995315848731902e-17,0.000000000000000000e+00,7.843414372837460109e-21,6.241590840775500330e-15
2.460000000000000000e+02,3.950210866336488881e-04,3.941192132442510997e-04,0.000000000000000000e+00,9.018733893978031211e-07,2.052783064671245807e-15,1.470074904056964504e+00,-3.099999999999938360e-01,1.000000000000000000e+00,3.950210873861819067e-04,2.052207987711487139e-15,4.858688827987455677e-17,0.000000000000000000e+00,7.843414071833298844e-21,6.241590601243997765e-15
2.470000000000000000e+02,3.950210867813236750e-04,3.941192133915220755e-04,0.000000000000000000e+00,9.018733898015848917e-07,2.010889859385209782e-15,1.470074904056663856e+00,-3.099999999999938360e-01,1.000000000000000000e+00,3.950210873861819067e-04,2.010488585810923289e-15,4.017054693109354605e-17,0.000000000000000000e+00,7.843414086506832702e-21,6.241590612920826535e-15
2.480000000000000000e+02,3.950210890146041843e-04,3.941192156163825081e-04,0.000000000000000000e+00,9.018733982216568290e-07,1.994883453206335755e-15,1.470074904050394426e+00,-3.099999999999938360e-01,1.000000000000000000e+00,3.950210873861819067e-04,1.994305377438213162e-15,4.802138415268575790e-17,0.000000000000000000e+00,7.843414000408826669e-21,6.241590544406209823e-15
2.490000000000000000e+02,3.950213646636833759e-04,3.941194926162253304e-04,0.000000000000000000e+00,9.018720474580231426e-07,2.094779238317152051e-15,1.470074905056148351e+00,-3.099999999999938360e-01,1.000000000000000000e+00,3.950210873861819067e-04,2.094236303267700660e-15,4.769028516065288151e-17,0.000000000000000000e+00,7.843414059885660027e-21,6.241590591736370034e-15
2.500000000000000000e+02,3.950219409489158008e-04,3.941200675762290373e-04,0.000000000000000000e+00,9.018733726867860312e-07,2.053608765395346005e-15,1.470074904069407218e+00,-3.099999999999938360e-01,1.000000000000000000e+00,3.950210873861819067e-04,2.052997329567648726e-15,5.010914123372472992e-17,0.000000000000000000e+00,7.843414045503144717e-21,6.241590580291126370e-15
2.510000000000000000e+02,3.950214948382368583e-04,3.941196214013475995e-04,0.000000000000000000e+00,9.018734368892758422e-07,1.966252116918088830e-15,1.470074904021603235e+00,-3.099999999999938360e-01,1.000000000000000000e+00,3.950210873861819067e-04,1.965602710299545608e-15,5.053090624981630186e-17,0.000000000000000000e+00,7.843414053224825296e-21,6.241590586435847162e-15
2.520000000000000000e+02,3.950211446058968213e-04,3.941192712071357003e-04,0.000000000000000000e+00,9.018733987611258663e-07,2.009674120398364722e-15,1.470074904049992748e+00,-3.099999999999938360e-01,1.000000000000000000e+00,3.950210873861819067e-04,2.009282980237638864e-15,3.964814579238137162e-17,0.000000000000000000e+00,7.843414041111147243e-21,6.241590576796087596e-15
2.530000000000000000e+02,3.950209202683733285e-04,3.941190476010605838e-04,0.000000000000000000e+00,9.018726673127377477e-07,1.991676439539017201e-15,1.470074904594615761e+00,-3.099999999999938360e-01,1.000000000000000000e+00,3.950210873861819067e-04,1.991138122562193982e-15,4.630352721767434399e-17,0.000000000000000000e+00,7.843414057849806126e-21,6.241590590116288759e-15
2.540000000000000000e+02,3.950210020746698202e-04,3.941191287170488049e-04,0.000000000000000000e+00,9.018733576210155625e-07,2.017593525109093418e-15,1.470074904080624911e+00,-3.099999999999938360e-01,1.000000000000000000e+00,3.950210873861819067e-04,2.016954762915659979e-15,5.076531150748325970e-17,0.000000000000000000e+00,7.843414055392208174e-21,6.241590588160594501e-15
2.550000000000000000e+02,3.950210735606389284e-04,3.941192008566685493e-04,0.000000000000000000e+00,9.018727039703796584e-07,2.023454007944904773e-15,1.470074904567321150e+00,-3.099999999999938360e-01,1.000000000000000000e+00,3.950210873861819067e-04,2.023121919250792446e-15,3.665817853863222265e-17,0.000000000000000000e+00,7.843414057472375015e-21,6.241590589815939436e-15
2.560000000000000000e+02,3.950211101646983387e-04,3.941192367750807283e-04,0.000000000000000000e+00,9.018733896175867833e-07,2.025718298108595164e-15,1.470074904056800857e+00,-3.099999999999938360e-01,1.000000000000000000e+00,3.950210873861819067e-04,2.025310660532147865e-15,4.063682523646987349e-17,0.000000000000000000e+00,7.843414052695660997e-21,6.241590586014750055e-15
2.570000000000000000e+02,3.950211223007742286e-04,3.941192489035704014e-04,0.000000000000000000e+00,9.018733972038525105e-07,1.964212610750674856e-15,1.470074904051152265e+00,-3.099999999999938360e-01,1.000000000000000000e+00,3.950210873861819067e-04,1.963795528181624828e-15,4.047596403195549035e-17,0.000000000000000000e+00,7.843414049039490637e-21,6.241590583105262220e-15
2.580000000000000000e+02,3.950210892720171446e-04,3.941192158606221952e-04,0.000000000000000000e+00,9.018734113949616171e-07,2.084502734273784266e-15,1.470074904040585828e+00,-3.099999999999938360e-01,1.000000000000000000e+00,3.950210873861819067e-04,2.084089155592727270e-15,4.152156878245826942e-17,0.000000000000000000e+00,7.843414030745470290e-21,6.241590568547343819e-15
2.590000000000000000e+02,3.950210850083704173e-04,3.941192116149908422e-04,0.000000000000000000e+00,9.018733933795562460e-07,2.024908758348385025e-15,1.470074904053999765e+00,-3.099999999999938360e-01,1.000000000000000000e+00,3.950210873861819067e-04,2.024470104643284908e-15,4.214587737948593623e-17,0.000000000000000000e+00,7.843414054246988539e-21,6.241590587249256629e-15
2.600000000000000000e+02,3.950210814793569101e-04,3.941192080804794542e-04,0.000000000000000000e+00,9.018733988774294191e-07,2.067336298382364252e-15,1.470074904049906150e+00,-3.099999999999938360e-01,1.000000000000000000e+00,3.950210873861819067e-04,2.066637839062402513e-15,5.373465086198826271e-17,0.000000000000000000e+00,7.843414061703987663e-21,6.241590593183349193e-15
2.610000000000000000e+02,3.950210864867420416e-04,3.941192140316454465e-04,0.000000000000000000e+00,9.018724550966046637e-07,2.025451184961117431e-15,1.470074904752628031e+00,-3.099999999999938360e-01,1.000000000000000000e+00,3.950210873861819067e-04,2.024546190408543596e-15,6.054110587962874905e-17,0.000000000000000000e+00,7.843414054785780983e-21,6.241590587678015942e-15
2.620000000000000000e+02,3.950210996096780477e-04,3.941192261842983539e-04,0.000000000000000000e+00,9.018734253797068163e-07,2.016914820527396696e-15,1.470074904030173046e+00,-3.099999999999938360e-01,1.000000000000000000e+00,3.950210873861819067e-04,2.016097015023363997e-15,5.743012463352620403e-17,0.000000000000000000e+00,7.843414037572491711e-21,6.241590573980113699e-15
2.630000000000000000e+02,3.950211191958661878e-04,3.941192462676768363e-04,0.000000000000000000e+00,9.018729281893537344e-07,2.030055307988213938e-15,1.470074904400371807e+00,-3.099999999999938360e-01,1.000000000000000000e+00,3.950210873861819067e-04,2.029483445068918603e-15,4.818194289147348396e-17,0.000000000000000000e+00,7.843414068869379929e-21,6.241590598885387277e-15
2.640000000000000000e+02,3.950210735967874757e-04,3.941192001986973132e-04,0.000000000000000000e+00,9.018733980901444819e-07,2.002803691379589385e-15,1.470074904050492348e+00,-3.099999999999938360e-01,1.000000000000000000e+00,3.950210873861819067e-04,2.002098064537518743e-15,5.315981675393081103e-17,0.000000000000000000e+00,7.843414050902314778e-21,6.241590584587650190e-15
2.650000000000000000e+02,3.950210877363644632e-04,3.941192142850446362e-04,0.000000000000000000e+00,9.018734513198511156e-07,1.951761858488688491e-15,1.470074904010858496e+00,-3.099999999999938360e-01,1.000000000000000000e+00,3.950210873861819067e-04,1.951185283534011778e-15,4.743776459739903355e-17,0.000000000000000000e+00,7.843414004771500355e-21,6.241590547877913303e-15
2.660000000000000000e+02,3.950210896644665098e-04,3.941192166966704939e-04,0.000000000000000000e+00,9.018729677960383656e-07,2.013569627245250552e-15,1.470074904370881397e+00,-3.099999999999938360e-01,1.000000000000000000e+00,3.950210873861819067e-04,2.013113576844063966e-15,4.285289289133579984e-17,0.000000000000000000e+00,7.843414038731659292e-21,6.241590574902551633e-15
2.670000000000000000e+02,3.950210760480506807e-04,3.941192026292087260e-04,0.000000000000000000e+00,9.018734188419613635e-07,1.987908168920629161e-15,1.470074904035040930e+00,-3.099999999999938360e-01,1.000000000000000000e+00,3.950210873861819067e-04,1.987277139336777759e-15,5.008452325102859464e-17,0.000000000000000000e+00,7.843414052736403443e-21,6.241590586047172238e-15
2.680000000000000000e+02,3.950211136348196644e-04,3.941192402331211144e-04,0.000000000000000000e+00,9.018734016985337422e-07,1.983665292464139375e-15,1.470074904047805608e+00,-3.099999999999938360e-01,1.000000000000000000e+00,3.950210873861819067e-04,1.983190900591957695e-15,4.338022907478000422e-17,0.000000000000000000e+00,7.843414073985501483e-21,6.241590602956667644e-15
2.690000000000000000e+02,3.950210871810316653e-04,3.941192137863837905e-04,0.000000000000000000e+00,9.018733946478603943e-07,1.999680609785937538e-15,1.470074904053055409e+00,-3.099999999999938360e-01,1.000000000000000000e+00,3.950210873861819067e-04,1.999122295253533596e-15,4.725028796295735843e-17,0.000000000000000000e+00,7.843414012762839714e-21,6.241590554237221616e-15
2.700000000000000000e+02,3.950210866713348341e-04,3.941192132632169399e-04,0.000000000000000000e+00,9.018734081178880236e-07,1.970498265015191773e-15,1.470074904043025876e+00,-3.099999999999938360e-01,1.000000000000000000e+00,3.950210873861819067e-04,1.969879498632090010e-15,4.937786179400489957e-17,0.000000000000000000e+00,7.843414089189231817e-21,6.241590615055411570e-15
2.710000000000000000e+02,3.950210894895205688e-04,3.941192160945369166e-04,0.000000000000000000e+00,9.018733949836493479e-07,2.025060299616945868e-15,1.470074904052805387e+00,-3.099999999999938360e-01,1.000000000000000000e+00,3.950210873861819067e-04,2.024551950162224686e-15,4.537199706302547974e-17,0.000000000000000000e+00,7.843414006776160209e-21,6.241590549473173069e-15
2.720000000000000000e+02,3.950210819462359954e-04,3.941192085491711087e-04,0.000000000000000000e+00,9.018733970648847911e-07,1.967146128027435097e-15,1.470074904051255738e+00,-3.099999999999938360e-01,1.000000000000000000e+00,3.950210873861819067e-04,1.966666200878864373e-15,4.345046918624658047e-17,0.000000000000000000e+00,7.843414110087897876e-21,6.241590631686041489e-15
2.730000000000000000e+02,3.950211138740428022e-04,3.941192404826824452e-04,0.000000000000000000e+00,9.018733913603493431e-07,2.017755753547425302e-15,1.470074904055503229e+00,-3.099999999999938360e-01,1.000000000000000000e+00,3.950210873861819067e-04,2.017449850539070962e-15,3.513376541305892560e-17,0.000000000000000000e+00,7.843414059590998764e-21,6.241590591501885863e-15
2.740000000000000000e+02,3.950211337418221532e-04,3.941192603259250542e-04,0.000000000000000000e+00,9.018734158970982211e-07,2.024624034355218440e-15,1.470074904037233621e+00,-3.099999999999938360e-01,1.000000000000000000e+00,3.950210873861819067e-04,2.024028768248225201e-15,4.909201290284824065e-17,0.000000000000000000e+00,7.843414051792344182e-21,6.241590585295913966e-15
2.750000000000000000e+02,3.950211590146635900e-04,3.941192856269202941e-04,0.000000000000000000e+00,9.018733877433118764e-07,2.020540518824939022e-15,1.470074904058196408e+00,-3.099999999999938360e-01,1.000000000000000000e+00,3.950210873861819067e-04,2.019915154972232469e-15,5.026683663547197343e-17,0.000000000000000000e+00,7.843414059672381341e-21,6.241590591566647399e-15
2.760000000000000000e+02,3.950210837592402777e-04,3.941192103679723490e-04,0.000000000000000000e+00,9.018733912679030026e-07,2.013784525436920207e-15,1.470074904055572063e+00,-3.099999999999938360e-01,1.000000000000000000e+00,3.950210873861819067e-04,2.013164586592000707e-15,4.996460866995148428e-17,0.000000000000000000e+00,7.843414062640355242e-21,6.241590593928486694e-15
2.770000000000000000e+02,3.950210982763758725e-04,3.941192248871957919e-04,0.000000000000000000e+00,9.018733891801068657e-07,2.027648574824917433e-15,1.470074904057126597e+00,-3.099999999999938360e-01,1.000000000000000000e+00,3.950210873861819067e-04,2.027183883280779053e-15,4.340790590042121444e-17,0.000000000000000000e+00,7.843414066750745647e-21,6.241590597199431384e-15
2.780000000000000000e+02,3.950210748517764812e-04,3.941192014603046140e-04,0.000000000000000000e+00,9.018733914718813477e-07,1.998151712499888006e-15,1.470074904055420184e+00,-3.099999999999938360e-01,1.000000000000000000e+00,3.950210873861819067e-04,1.997556545223982748e-15,4.876591778632293598e-17,0.000000000000000000e+00,7.843414030855797488e-21,6.241590568635138515e-15
2.790000000000000000e+02,3.950210899335570864e-04,3.941192165409347181e-04,0.000000000000000000e+00,9.018733926223909533e-07,2.033414583416498605e-15,1.470074904054563536e+00,-3.099999999999938360e-01,1.000000000000000000e+00,3.950210873861819067e-04,2.033041249503065129e-15,3.896339061719803198e-17,0.000000000000000000e+00,7.843413988514588773e-21,6.241590534941075662e-15
2.800000000000000000e+02,3.950210841552118904e-04,3.941192107833702625e-04,0.000000000000000000e+00,9.018733718416475790e-07,2.018771242162935156e-15,1.470074904070036492e+00,-3.099999999999938360e-01,1.000000000000000000e+00,3.950210873861819067e-04,2.018114023838999914e-15,5.150839647009821072e-17,0.000000000000000000e+00,7.843414098502332383e-21,6.241590622466541260e-15
2.810000000000000000e+02,3.950210869158245382e-04,3.941192135263557345e-04,0.000000000000000000e+00,9.018733894687780235e-07,2.004268650927330027e-15,1.470074904056911658e+00,-3.099999999999938360e-01,1.000000000000000000e+00,3.950210873861819067e-04,2.003669454730857793e-15,4.900552221013093947e-17,0.000000000000000000e+00,7.843414131054474030e-21,6.241590648370713114e-15
2.820000000000000000e+02,3.950210861801763964e-04,3.941192127873082937e-04,0.000000000000000000e+00,9.018733928681193406e-07,2.003604079348806872e-15,1.470074904054380571e+00,-3.099999999999938360e-01,1.000000000000000000e+00,3.950210873861819067e-04,2.002991670104304301e-15,4.953459613673051230e-17,0.000000000000000000e+00,7.843414077443562865e-21,6.241590605708504782e-15
2.830000000000000000e+02,3.950210872729426818e-04,3.941192138837449829e-04,0.000000000000000000e+00,9.018733891977015400e-07,2.015419242601161608e-15,1.470074904057113496e+00,-3.099999999999938360e-01,1.000000000000000000e+00,3.950210873861819067e-04,2.014687019488920439e-15,5.432252652785950475e-17,0.000000000000000000e+00,7.843414074269567122e-21,6.241590603182719680e-15
2.840000000000000000e+02,3.950210883399519557e-04,3.941192149397930813e-04,0.000000000000000000e+00,9.018734001588548490e-07,2.041496190797592054e-15,1.470074904048952025e+00,-3.099999999999938360e-01,1.000000000000000000e+00,3.950210873861819067e-04,2.040906795966967998e-15,4.905249387546620491e-17,0.000000000000000000e+00,7.843414011815572576e-21,6.241590553483409800e-15
2.850000000000000000e+02,3.950210860364384560e-04,3.941192126750948325e-04,0.000000000000000000e+00,9.018733613436206512e-07,2.012687599251313819e-15,1.470074904077853128e+00,-3.099999999999938360e-01,1.000000000000000000e+00,3.950210873861819067e-04,2.012104406077291815e-15,4.844823178244690167e-17,0.000000000000000000e+00,7.843414339944323537e-21,6.241590814599972945e-15
2.860000000000000000e+02,3.950210845899276304e-04,3.941192037248804564e-04,0.000000000000000000e+00,9.018808650471972460e-07,2.042443950302594611e-15,1.470074898490746129e+00,-3.099999999999938360e-01,1.000000000000000000e+00,3.950210873861819067e-04,2.041815830021276837e-15,5.064984048022677249e-17,0.000000000000000000e+00,7.843414040155541429e-21,6.241590576035640671e-15
2.870000000000000000e+02,3.950210819238273796e-04,3.941192085418559967e-04,0.000000000000000000e+00,9.018733819713802403e-07,2.006378960633999487e-15,1.470074904062494081e+00,-3.099999999999938360e-01,1.000000000000000000e+00,3.950210873861819067e-04,2.005725689849258484e-15,5.119561203819272774e-17,0.000000000000000000e+00,7.843414057198139141e-21,6.241590589597708166e-15
2.880000000000000000e+02,3.950210801488176614e-04,3.941192066832201928e-04,0.000000000000000000e+00,9.018734655974428156e-07,2.004910350350588727e-15,1.470074904000227667e+00,-3.099999999999938360e-01,1.000000000000000000e+00,3.950210873861819067e-04,2.004211133123059771e-15,5.294569620828849976e-17,0.000000000000000000e+00,7.843413980507225075e-21,6.241590528569018568e-15
2.890000000000000000e+02,3.950210957667098948e-04,3.941192156531434128e-04,0.000000000000000000e+00,9.018801135664624548e-07,2.025941478133068046e-15,1.470074899050282546e+00,-3.099999999999938360e-01,1.000000000000000000e+00,3.950210873861819067e-04,2.025374268338686972e-15,4.793689508102790376e-17,0.000000000000000000e+00,7.843414110869562123e-21,6.241590632308070935e-15
2.900000000000000000e+02,3.950210877936847142e-04,3.941192144873377338e-04,0.000000000000000000e+00,9.018733063469988426e-07,2.042032354505392241e-15,1.470074904118802595e+00,-3.099999999999938360e-01,1.000000000000000000e+00,3.950210873861819067e-04,2.041706025446388899e-15,3.650537551137670422e-17,0.000000000000000000e+00,7.843414076663978021e-21,6.241590605088131155e-15
2.910000000000000000e+02,3.950210862784519507e-04,3.941192128497551946e-04,0.000000000000000000e+00,9.018734286967409891e-07,2.003420674032087784e-15,1.470074904027703244e+00,-3.099999999999938360e-01,1.000000000000000000e+00,3.950210873861819067e-04,2.002846206729239988e-15,4.797363096492916752e-17,0.000000000000000000e+00,7.843414046775081514e-21,6.241590581303303542e-15
2.920000000000000000e+02,3.950210871795658781e-04,3.941192137518827426e-04,0.000000000000000000e+00,9.018734276831116959e-07,2.013346193553280141e-15,1.470074904028457974e+00,-3.099999999999938360e-01,1.000000000000000000e+00,3.950210873861819067e-04,2.012886116042046765e-15,4.303927135915092483e-17,0.000000000000000000e+00,7.843414059908029402e-21,6.241590591754171469e-15
2.930000000000000000e+02,3.950210845424378947e-04,3.941192110942594350e-04,0.000000000000000000e+00,9.018734481784648946e-07,2.057555342062182494e-15,1.470074904013197514e+00,-3.099999999999938360e-01,1.000000000000000000e+00,3.950210873861819067e-04,2.057050319174498980e-15,4.558475590805586507e-17,0.000000000000000000e+00,7.843413997112131133e-21,6.241590541782782674e-15
2.940000000000000000e+02,3.950210869432531726e-04,3.941192135494459882e-04,0.000000000000000000e+00,9.018733938071951231e-07,2.031726201447137599e-15,1.470074904053681353e+00,-3.099999999999938360e-01,1.000000000000000000e+00,3.950210873861819067e-04,2.031074620222451719e-15,5.145138164829075025e-17,0.000000000000000000e+00,7.843414290061850244e-21,6.241590774904762774e-15
2.950000000000000000e+02,3.950210859960188027e-04,3.941192125874085723e-04,0.000000000000000000e+00,9.018734086102393708e-07,1.988641763084153063e-15,1.470074904042659281e+00,-3.099999999999938360e-01,1.000000000000000000e+00,3.950210873861819067e-04,1.988090461473505242e-15,4.682284505446506595e-17,0.000000000000000000e+00,7.843414093510481458e-21,6.241590618494152497e-15
2.960000000000000000e+02,3.950210870193880718e-04,3.941192136337898157e-04,0.000000000000000000e+00,9.018733855982587475e-07,2.027934422108729519e-15,1.470074904059793575e+00,-3.099999999999938360e-01,1.000000000000000000e+00,3.950210873861819067e-04,2.026947702204035512e-15,6.325371800713711889e-17,0.000000000000000000e+00,7.843414059937378769e-21,6.241590591777526485e-15
2.970000000000000000e+02,8.043967380722370905e-04,8.031318341662073597e-04,0.000000000000000000e+00,1.264903906029728248e-06,1.992238126828385665e-15,1.469827403502447005e+00,-3.099999999999938360e-01,1.000000000000000000e+00,3.950210873861819067e-04,1.991779474897771012e-15,4.274666422915020760e-17,0.000000000000000000e+00,7.868524859648755698e-21,6.261573131272808069e-15
2.980000000000000000e+02,8.043967096772424016e-04,8.031318217199855721e-04,0.000000000000000000e+00,1.264887957256824830e-06,1.987779836030022545e-15,1.469827413529767091e+00,-3.099999999999938360e-01,1.000000000000000000e+00,3.950210873861819067e-04,1.987262693846965974e-15,4.533941011667551286e-17,0.000000000000000000e+00,7.868524854283373670e-21,6.261573127003171783e-15
2.990000000000000000e+02,8.043966865010390406e-04,8.031317820495725672e-04,0.000000000000000000e+00,1.264904451466473435e-06,1.950698288112626458e-15,1.469827403159520873e+00,-3.099999999999938360e-01,1.000000000000000000e+00,3.950210873861819067e-04,1.950354047692702834e-15,3.664559772070946292e-17,0.000000000000000000e+00,7.868524859599576776e-21,6.261573131233671101e-15
3.000000000000000000e+02,8.043966088119196885e-04,8.031317046627860267e-04,0.000000000000000000e+00,1.264904149133706553e-06,2.011854369282046000e-15,1.469827403349603046e+00,-3.099999999999938360e-01,1.000000000000000000e+00,3.950210873861819067e-04,2.011525278298482476e-15,3.638760645545090110e-17,0.000000000000000000e+00,7.868524853429116911e-21,6.261573126323376420e-15
3.010000000000000000e+02,8.043963913265231346e-04,8.031314873015100216e-04,0.000000000000000000e+00,1.264904025013107881e-06,1.972288543900817990e-15,1.469827403427639956e+00,-3.099999999999938360e-01,1.000000000000000000e+00,3.950210873861819067e-04,1.971896229519141003e-15,3.933650148005401740e-17,0.000000000000000000e+00,7.868524853823228381e-21,6.261573126637000695e-15
3.020000000000000000e+02,8.043967411188280648e-04,8.031318371506478539e-04,0.000000000000000000e+00,1.264903968180258933e-06,2.018653714917729594e-15,1.469827403463371818e+00,-3.099999999999938360e-01,1.000000000000000000e+00,3.950210873861819067e-04,2.018218146687580774e-15,4.193248228024322833e-17,0.000000000000000000e+00,7.868524430429897979e-21,6.261572789711293467e-15
3.030000000000000000e+02,8.043967830501241737e-04,8.031318875410632186e-04,0.000000000000000000e+00,1.264895509060988773e-06,2.033495256674125027e-15,1.469827408781785305e+00,-3.099999999999938360e-01,1.000000000000000000e+00,3.950210873861819067e-04,2.033215408469390512e-15,3.373516884350650732e-17,0.000000000000000000e+00,7.868524917256749393e-21,6.261573177115791924e-15
3.040000000000000000e+02,8.043967946992537513e-04,8.031318902287404478e-04,0.000000000000000000e+00,1.264904470513296956e-06,2.019838521062462293e-15,1.469827403147545786e+00,-3.099999999999938360e-01,1.000000000000000000e+00,3.950210873861819067e-04,2.019347022290796563e-15,4.455619677637104834e-17,0.000000000000000000e+00,7.868524837513644120e-21,6.261573113658245352e-15
3.050000000000000000e+02,8.043968350365382622e-04,8.031319308641765445e-04,0.000000000000000000e+00,1.264904172361709588e-06,1.987927934770629933e-15,1.469827403334999172e+00,-3.099999999999938360e-01,1.000000000000000000e+00,3.950210873861819067e-04,1.987619368637400811e-15,3.502455134569504660e-17,0.000000000000000000e+00,7.868524935219272057e-21,6.261573191409914450e-15
3.060000000000000000e+02,8.043967037872470959e-04,8.031318078138127009e-04,0.000000000000000000e+00,1.264895973434444530e-06,1.991585089097253397e-15,1.469827408489824183e+00,-3.099999999999938360e-01,1.000000000000000000e+00,3.950210873861819067e-04,1.991201505500426357e-15,3.908620658794660943e-17,0.000000000000000000e+00,7.868525010195541227e-21,6.261573251074132639e-15
3.070000000000000000e+02,8.043967176904824297e-04,8.031318136037387482e-04,0.000000000000000000e+00,1.264904086743721983e-06,1.974598166068742162e-15,1.469827403388828779e+00,-3.099999999999938360e-01,1.000000000000000000e+00,3.950210873861819067e-04,1.974036714202931614e-15,4.708469346845797565e-17,0.000000000000000000e+00,7.868524743990216691e-21,6.261573039234666029e-15
3.080000000000000000e+02,8.043967152830126983e-04,8.031318112360306136e-04,0.000000000000000000e+00,1.264904046982058063e-06,1.986575605211331923e-15,1.469827403413827671e+00,-3.099999999999938360e-01,1.000000000000000000e+00,3.950210873861819067e-04,1.986198783488683349e-15,3.869144126198584084e-17,0.000000000000000000e+00,7.868525033622106195e-21,6.261573269716401255e-15
3.090000000000000000e+02,8.043967032957374851e-04,8.031317993324475681e-04,0.000000000000000000e+00,1.264903963289911671e-06,1.940880824410559133e-15,1.469827403466446469e+00,-3.099999999999938360e-01,1.000000000000000000e+00,3.950210873861819067e-04,1.940275364137249345e-15,4.847562093220710737e-17,0.000000000000000000e+00,7.868524733664585540e-21,6.261573031017789866e-15
3.100000000000000000e+02,8.043967496216324281e-04,8.031318458205592139e-04,0.000000000000000000e+00,1.264903801073212527e-06,1.947347908940333758e-15,1.469827403568435109e+00,-3.099999999999938360e-01,1.000000000000000000e+00,3.950210873861819067e-04,1.946811402309261636e-15,4.570822935777835838e-17,0.000000000000000000e+00,7.868525249746115703e-21,6.261573441702421662e-15
3.110000000000000000e+02,8.043967448429454334e-04,8.031318409212695811e-04,0.000000000000000000e+00,1.264903921675872245e-06,2.027482380860571051e-15,1.469827403492609985e+00,-3.099999999999938360e-01,1.000000000000000000e+00,3.950210873861819067e-04,2.027195517878419243e-15,3.410479338427147037e-17,0.000000000000000000e+00,7.868524971181060518e-21,6.261573220027395476e-15
3.120000000000000000e+02,8.043967456254428727e-04,8.031318417501039780e-04,0.000000000000000000e+00,1.264903875338889126e-06,1.983640641789699294e-15,1.469827403521742903e+00,-3.099999999999938360e-01,1.000000000000000000e+00,3.950210873861819067e-04,1.983260926916982918e-15,3.881097090161804544e-17,0.000000000000000000e+00,7.868524938770617662e-21,6.261573194235983399e-15
3.130000000000000000e+02,8.043967490297107342e-04,8.031318451170233515e-04,0.000000000000000000e+00,1.264903912687338815e-06,1.978326696785612046e-15,1.469827403498261242e+00,-3.099999999999938360e-01,1.000000000000000000e+00,3.950210873861819067e-04,1.977845417596266687e-15,4.363511482975255399e-17,0.000000000000000000e+00,7.868524877920402156e-21,6.261573145812920302e-15
3.140000000000000000e+02,8.043967308733047765e-04,8.031318269924419802e-04,0.000000000000000000e+00,1.264903880862823385e-06,1.983318513568167682e-15,1.469827403518269904e+00,-3.099999999999938360e-01,1.000000000000000000e+00,3.950210873861819067e-04,1.982547296796868488e-15,5.530408812883209262e-17,0.000000000000000000e+00,7.868524852847702735e-21,6.261573125860701611e-15
3.150000000000000000e+02,8.043967315443582670e-04,8.031318276454834032e-04,0.000000000000000000e+00,1.264903898874854071e-06,1.973159844307814322e-15,1.469827403506945407e+00,-3.099999999999938360e-01,1.000000000000000000e+00,3.950210873861819067e-04,1.972697257261441746e-15,4.272355696928555030e-17,0.000000000000000000e+00,7.868524858348190253e-21,6.261573130237850960e-15
3.160000000000000000e+02,8.043967225693033013e-04,8.031318187020078858e-04,0.000000000000000000e+00,1.264903867295439059e-06,2.001930954177408977e-15,1.469827403526799969e+00,-3.099999999999938360e-01,1.000000000000000000e+00,3.950210873861819067e-04,2.001390728958459683e-15,4.650478761248324965e-17,0.000000000000000000e+00,7.868524877322998247e-21,6.261573145337523533e-15
3.170000000000000000e+02,8.043967395479650504e-04,8.031318356382178072e-04,0.000000000000000000e+00,1.264903909747197246e-06,2.021344997288203974e-15,1.469827403500109764e+00,-3.099999999999938360e-01,1.000000000000000000e+00,3.950210873861819067e-04,2.020652868525714109e-15,5.289218202096192546e-17,0.000000000000000000e+00,7.868525180848937574e-21,6.261573386875790422e-15
3.180000000000000000e+02,8.043967355537666323e-04,8.031318316897447483e-04,0.000000000000000000e+00,1.264903864021905111e-06,1.993142552230893724e-15,1.469827403528858101e+00,-3.099999999999938360e-01,1.000000000000000000e+00,3.950210873861819067e-04,1.992516700534245482e-15,4.994428439461427127e-17,0.000000000000000000e+00,7.868524926115148432e-21,6.261573184165082160e-15
3.190000000000000000e+02,8.043967428697219825e-04,8.031318389903562525e-04,0.000000000000000000e+00,1.264903879365735214e-06,2.002425146301899125e-15,1.469827403519211151e+00,-3.099999999999938360e-01,1.000000000000000000e+00,3.950210873861819067e-04,2.001707126832993713e-15,5.361944485230233488e-17,0.000000000000000000e+00,7.868525173761029382e-21,6.261573381235412861e-15
3.200000000000000000e+02,8.043967366778867435e-04,8.031318327807841165e-04,0.000000000000000000e+00,1.264903897102646423e-06,1.991863610882047987e-15,1.469827403508059627e+00,-3.099999999999938360e-01,1.000000000000000000e+00,3.950210873861819067e-04,1.991273715099245243e-15,4.847304249792617339e-17,0.000000000000000000e+00,7.868524875112519677e-21,6.261573143578479677e-15
3.210000000000000000e+02,8.043967396716885645e-04,8.031318357889631089e-04,0.000000000000000000e+00,1.264903882725442695e-06,1.976083543801149256e-15,1.469827403517098841e+00,-3.099999999999938360e-01,1.000000000000000000e+00,3.950210873861819067e-04,1.975546089331217765e-15,4.608493189673275518e-17,0.000000000000000000e+00,7.868524887733603534e-21,6.261573153622018486e-15
3.220000000000000000e+02,8.043967381760645189e-04,8.031318342678412303e-04,0.000000000000000000e+00,1.264903908223268084e-06,1.991784067007847679e-15,1.469827403501067886e+00,-3.099999999999938360e-01,1.000000000000000000e+00,3.950210873861819067e-04,1.991175093323701973e-15,4.924954062480375404e-17,0.000000000000000000e+00,7.868524798633349570e-21,6.261573082718289190e-15
3.230000000000000000e+02,8.043964504262988806e-04,8.031315480051023480e-04,0.000000000000000000e+00,1.264902421196548012e-06,1.950524604568226400e-15,1.469827404435989360e+00,-3.099999999999938360e-01,1.000000000000000000e+00,3.950210873861819067e-04,1.949945115534367824e-15,4.754239547796103406e-17,0.000000000000000000e+00,7.868524861019038303e-21,6.261573132363244187e-15
3.240000000000000000e+02,8.043957086025164656e-04,8.031308045659320966e-04,0.000000000000000000e+00,1.264904036584375210e-06,1.996301751069566998e-15,1.469827403420364886e+00,-3.099999999999938360e-01,1.000000000000000000e+00,3.950210873861819067e-04,1.995911357210196047e-15,3.947829050071622379e-17,0.000000000000000000e+00,7.868524845030863161e-21,6.261573119640258060e-15
3.250000000000000000e+02,8.043950539816196966e-04,8.031301498752658335e-04,0.000000000000000000e+00,1.264904106353849307e-06,1.997636484965964297e-15,1.469827403376499531e+00,-3.099999999999938360e-01,1.000000000000000000e+00,3.950210873861819067e-04,1.997213033139263899e-15,4.112938443401361411e-17,0.000000000000000000e+00,7.868524851075039198e-21,6.261573124450059751e-15
3.260000000000000000e+02,8.043968569978969920e-04,8.031319530431662006e-04,0.000000000000000000e+00,1.264903954730832839e-06,1.960100084873173279e-15,1.469827403471827720e+00,-3.099999999999938360e-01,1.000000000000000000e+00,3.950210873861819067e-04,1.959520180069448855e-15,4.767605854620660417e-17,0.000000000000000000e+00,7.868524848166918084e-21,6.261573122135851877e-15
3.270000000000000000e+02,8.043969596988710192e-04,8.031320565024327451e-04,0.000000000000000000e+00,1.264903196438242886e-06,2.004544488410967905e-15,1.469827403948580358e+00,-3.099999999999938360e-01,1.000000000000000000e+00,3.950210873861819067e-04,2.003983160802306347e-15,4.743518923408037512e-17,0.000000000000000000e+00,7.868524866795616907e-21,6.261573136960099187e-15
3.280000000000000000e+02,8.043970928219175680e-04,8.031321888716695190e-04,0.000000000000000000e+00,1.264903950248044161e-06,1.991095205123164879e-15,1.469827403474646133e+00,-3.099999999999938360e-01,1.000000000000000000e+00,3.950210873861819067e-04,1.990754352175096060e-15,3.684053607721613506e-17,0.000000000000000000e+00,7.868524862400887020e-21,6.261573133462883946e-15
3.290000000000000000e+02,8.043967247375243077e-04,8.031318216010116225e-04,0.000000000000000000e+00,1.264903136512702370e-06,1.954081693025726572e-15,1.469827403986256664e+00,-3.099999999999938360e-01,1.000000000000000000e+00,3.950210873861819067e-04,1.953594071142581319e-15,4.365166838656514306e-17,0.000000000000000000e+00,7.868524861664569395e-21,6.261573132876940153e-15
3.300000000000000000e+02,8.043966984287951325e-04,8.031317944568991439e-04,0.000000000000000000e+00,1.264903971895962079e-06,1.976023300825977509e-15,1.469827403461035686e+00,-3.099999999999938360e-01,1.000000000000000000e+00,3.950210873861819067e-04,1.975539674978375163e-15,4.371587734009295911e-17,0.000000000000000000e+00,7.868524855909321970e-21,6.261573128297059862e-15
3.310000000000000000e+02,8.043966693700359358e-04,8.031317653955611724e-04,0.000000000000000000e+00,1.264903974474810639e-06,1.983248550108375581e-15,1.469827403459414317e+00,-3.099999999999938360e-01,1.000000000000000000e+00,3.950210873861819067e-04,1.982838968862129162e-15,4.030428025443301751e-17,0.000000000000000000e+00,7.868524850859210160e-21,6.261573124278309744e-15
3.320000000000000000e+02,8.043967387778006278e-04,8.031318348574890270e-04,0.000000000000000000e+00,1.264903920311575971e-06,1.992713517413481433e-15,1.469827403493467743e+00,-3.099999999999938360e-01,1.000000000000000000e+00,3.950210873861819067e-04,1.992230729028188740e-15,4.386211048623972560e-17,0.000000000000000000e+00,7.868524821917746301e-21,6.261573101247423319e-15
3.330000000000000000e+02,8.043967439395630298e-04,8.031318400415082565e-04,0.000000000000000000e+00,1.264903898054792982e-06,1.988883908942388948e-15,1.469827403507460994e+00,-3.099999999999938360e-01,1.000000000000000000e+00,3.950210873861819067e-04,1.988515398452017710e-15,3.828463539406270812e-17,0.000000000000000000e+00,7.868524841632964520e-21,6.261573116936297679e-15
3.340000000000000000e+02,8.043967511927064282e-04,8.031318472927070299e-04,0.000000000000000000e+00,1.264903899999347907e-06,2.010249421204047060e-15,1.469827403506238417e+00,-3.099999999999938360e-01,1.000000000000000000e+00,3.950210873861819067e-04,2.009793319778165272e-15,4.281993886442812967e-17,0.000000000000000000e+00,7.868524854066822408e-21,6.261573126830845907e-15
3.350000000000000000e+02,8.043967380757805884e-04,8.031318352498035716e-04,0.000000000000000000e+00,1.264902825977013046e-06,1.958757187358356884e-15,1.469827404181496266e+00,-3.099999999999938360e-01,1.000000000000000000e+00,3.950210873861819067e-04,1.958299794045103919e-15,4.232771679422418101e-17,0.000000000000000000e+00,7.868524857779023788e-21,6.261573129784922527e-15
3.360000000000000000e+02,8.043967328598241239e-04,8.031318288849933085e-04,0.000000000000000000e+00,1.264903974830806093e-06,1.994035461141337747e-15,1.469827403459190496e+00,-3.099999999999938360e-01,1.000000000000000000e+00,3.950210873861819067e-04,1.993665860251839769e-15,3.839085690011849570e-17,0.000000000000000000e+00,7.868524839890032527e-21,6.261573115549314547e-15
3.370000000000000000e+02,8.043967028182715450e-04,8.031317994110533098e-04,0.000000000000000000e+00,1.264903407218261043e-06,1.959989525507467723e-15,1.469827403816059030e+00,-3.099999999999938360e-01,1.000000000000000000e+00,3.950210873861819067e-04,1.959405789920448102e-15,4.783189796881962550e-17,0.000000000000000000e+00,7.868524871649041617e-21,6.261573140822331413e-15
3.380000000000000000e+02,8.043967460973695154e-04,8.031318421454368330e-04,0.000000000000000000e+00,1.264903951932665639e-06,1.980591772872555517e-15,1.469827403473586980e+00,-3.099999999999938360e-01,1.000000000000000000e+00,3.950210873861819067e-04,1.980087531373127428e-15,4.468935901546187290e-17,0.000000000000000000e+00,7.868524853008083046e-21,6.261573125988327472e-15
3.390000000000000000e+02,8.043967365805813332e-04,8.031318326124981585e-04,0.000000000000000000e+00,1.264903968083137076e-06,2.056544713536359333e-15,1.469827403463432880e+00,-3.099999999999938360e-01,1.000000000000000000e+00,3.950210873861819067e-04,2.056001072454853179e-15,4.728370519455199456e-17,0.000000000000000000e+00,7.868524795106434688e-21,6.261573079911660140e-15
3.400000000000000000e+02,8.043967387678975251e-04,8.031318353669805645e-04,0.000000000000000000e+00,1.264903400917000412e-06,1.989538656574099979e-15,1.469827403820020750e+00,-3.099999999999938360e-01,1.000000000000000000e+00,3.950210873861819067e-04,1.988889922379296269e-15,5.080297824771181980e-17,0.000000000000000000e+00,7.868524833533824242e-21,6.261573110491203898e-15
3.410000000000000000e+02,8.043967517011338213e-04,8.031318477494600464e-04,0.000000000000000000e+00,1.264903951673792041e-06,1.997438185869504088e-15,1.469827403473749738e+00,-3.099999999999938360e-01,1.000000000000000000e+00,3.950210873861819067e-04,1.997023093428645965e-15,4.071941331138113998e-17,0.000000000000000000e+00,7.868524855506587449e-21,6.261573127976574864e-15
3.420000000000000000e+02,8.043967084692024401e-04,8.031318045251259951e-04,0.000000000000000000e+00,1.264903944076395666e-06,1.999292278503515653e-15,1.469827403478526362e+00,-3.099999999999938360e-01,1.000000000000000000e+00,3.950210873861819067e-04,1.998803356336174026e-15,4.421263983421859480e-17,0.000000000000000000e+00,7.868524884380899548e-21,6.261573150954021485e-15
3.430000000000000000e+02,8.043967386009541346e-04,8.031318346959006194e-04,0.000000000000000000e+00,1.264903905053565975e-06,1.991700166210690835e-15,1.469827403503060737e+00,-3.099999999999938360e-01,1.000000000000000000e+00,3.950210873861819067e-04,1.991055307284327905e-15,5.067854927571034338e-17,0.000000000000000000e+00,7.868524817100040069e-21,6.261573097413615329e-15
3.440000000000000000e+02,8.043967389821469333e-04,8.031318350658554458e-04,0.000000000000000000e+00,1.264903916291440077e-06,2.010533767060513821e-15,1.469827403495995277e+00,-3.099999999999938360e-01,1.000000000000000000e+00,3.950210873861819067e-04,2.009960273602369194e-15,4.801798588983270465e-17,0.000000000000000000e+00,7.868524891458973460e-21,6.261573156586574334e-15
3.450000000000000000e+02,8.043967356169837504e-04,8.031318317105020158e-04,0.000000000000000000e+00,1.264903906481785920e-06,1.948638083132624634e-15,1.469827403502162788e+00,-3.099999999999938360e-01,1.000000000000000000e+00,3.950210873861819067e-04,1.947971617997811150e-15,5.096032228965100124e-17,0.000000000000000000e+00,7.868524809872204039e-21,6.261573091661886107e-15
3.460000000000000000e+02,8.043967497559950013e-04,8.031318458552349267e-04,0.000000000000000000e+00,1.264903900760076455e-06,2.001668912154112736e-15,1.469827403505760133e+00,-3.099999999999938360e-01,1.000000000000000000e+00,3.950210873861819067e-04,2.000901298458938129e-15,5.542948355930024923e-17,0.000000000000000000e+00,7.868524915933685174e-21,6.261573176062930039e-15
3.470000000000000000e+02,8.043967059839820773e-04,8.031318020823344749e-04,0.000000000000000000e+00,1.264903901647592919e-06,2.012548409027238090e-15,1.469827403505202135e+00,-3.099999999999938360e-01,1.000000000000000000e+00,3.950210873861819067e-04,2.011845504521175397e-15,5.318613121943410031e-17,0.000000000000000000e+00,7.868524862592333484e-21,6.261573133615232708e-15
3.480000000000000000e+02,8.043966318847271335e-04,8.031317279547965995e-04,0.000000000000000000e+00,1.264903929930518330e-06,2.015263174436584649e-15,1.469827403487420137e+00,-3.099999999999938360e-01,1.000000000000000000e+00,3.950210873861819067e-04,2.014588006008707198e-15,5.216155887401540807e-17,0.000000000000000000e+00,7.868524854198640276e-21,6.261573126935743108e-15
3.490000000000000000e+02,8.043966477424846235e-04,8.031317438303521355e-04,0.000000000000000000e+00,1.264903912132508518e-06,2.023390524884947628e-15,1.469827403498610074e+00,-3.099999999999938360e-01,1.000000000000000000e+00,3.950210873861819067e-04,2.022965113423329254e-15,4.148934808365851534e-17,0.000000000000000000e+00,7.868524861585887634e-21,6.261573132814327474e-15
3.500000000000000000e+02,8.043967437698081946e-04,8.031318398701878334e-04,0.000000000000000000e+00,1.264903899620396378e-06,2.003748132605167199e-15,1.469827403506476671e+00,-3.099999999999938360e-01,1.000000000000000000e+00,3.950210873861819067e-04,2.003488273419704586e-15,3.226944571126414608e-17,0.000000000000000000e+00,7.868524865583060442e-21,6.261573135995176361e-15
3.510000000000000000e+02,8.043967617827730123e-04,8.031318578811737652e-04,0.000000000000000000e+00,1.264903901599208703e-06,1.999867941070201708e-15,1.469827403505232555e+00,-3.099999999999938360e-01,1.000000000000000000e+00,3.950210873861819067e-04,1.999081942964887742e-15,5.606395428599893359e-17,0.000000000000000000e+00,7.868524869793221541e-21,6.261573139345518323e-15
3.520000000000000000e+02,8.043967467964382480e-04,8.031318429182507206e-04,0.000000000000000000e+00,1.264903878187559607e-06,2.038424054046945742e-15,1.469827403519951892e+00,-3.099999999999938360e-01,1.000000000000000000e+00,3.950210873861819067e-04,2.037785576940046348e-15,5.101535524126999492e-17,0.000000000000000000e+00,7.868524833720717687e-21,6.261573110639930211e-15
3.530000000000000000e+02,8.043967377241897617e-04,8.031318338352351309e-04,0.000000000000000000e+00,1.264903888954657879e-06,1.993385315717875148e-15,1.469827403513182418e+00,-3.099999999999938360e-01,1.000000000000000000e+00,3.950210873861819067e-04,1.992945492379332872e-15,4.187220154991298568e-17,0.000000000000000000e+00,7.868524790787022203e-21,6.261573076474381761e-15
3.540000000000000000e+02,8.043967334979057254e-04,8.031318296369938754e-04,0.000000000000000000e+00,1.264903860911888755e-06,1.976195305327705149e-15,1.469827403530813426e+00,-3.099999999999938360e-01,1.000000000000000000e+00,3.950210873861819067e-04,1.975300972461129858e-15,5.944705990595056958e-17,0.000000000000000000e+00,7.868524900964630909e-21,6.261573164150936310e-15
3.550000000000000000e+02,8.043967360782691657e-04,8.031318321897064740e-04,0.000000000000000000e+00,1.264903888562638961e-06,2.003252917706852176e-15,1.469827403513428887e+00,-3.099999999999938360e-01,1.000000000000000000e+00,3.950210873861819067e-04,2.002861636492978103e-15,3.959188431700817180e-17,0.000000000000000000e+00,7.868524933270176787e-21,6.261573189858872704e-15
3.560000000000000000e+02,8.043967371584232525e-04,8.031318332555317449e-04,0.000000000000000000e+00,1.264903902891458261e-06,2.008606636206987091e-15,1.469827403504420094e+00,-3.099999999999938360e-01,1.000000000000000000e+00,3.950210873861819067e-04,2.008200718583050449e-15,4.037936150253024571e-17,0.000000000000000000e+00,7.868524881258171157e-21,6.261573148469033902e-15
3.570000000000000000e+02,8.043967394105501229e-04,8.031318355219447137e-04,0.000000000000000000e+00,1.264903888605372620e-06,2.043139170322922633e-15,1.469827403513402020e+00,-3.099999999999938360e-01,1.000000000000000000e+00,3.950210873861819067e-04,2.042381398898860235e-15,5.564072858851476883e-17,0.000000000000000000e+00,7.868524874623012984e-21,6.261573143188942528e-15
3.580000000000000000e+02,8.043967398869623269e-04,8.031318359797318422e-04,0.000000000000000000e+00,1.264903907230506718e-06,2.032473387903259633e-15,1.469827403501692054e+00,-3.099999999999938360e-01,1.000000000000000000e+00,3.950210873861819067e-04,2.031829757486359972e-15,5.114595845185400537e-17,0.000000000000000000e+00,7.868524813461203078e-21,6.261573094517919938e-15
3.590000000000000000e+02,8.043967325037740821e-04,8.031318286628385487e-04,0.000000000000000000e+00,1.264903840935525984e-06,2.007429679263083633e-15,1.469827403543372935e+00,-3.099999999999938360e-01,1.000000000000000000e+00,3.950210873861819067e-04,2.006998735044742518e-15,4.159320441101004960e-17,0.000000000000000000e+00,7.868525143699871983e-21,6.261573357313503311e-15
3.600000000000000000e+02,8.043967176689063728e-04,8.031318053604803503e-04,0.000000000000000000e+00,1.264912308425975539e-06,2.009851070883944987e-15,1.469827398219713865e+00,-3.099999999999938360e-01,1.000000000000000000e+00,3.950210873861819067e-04,2.009223293657211751e-15,5.023030257416770958e-17,0.000000000000000000e+00,7.868524840907791711e-21,6.261573116359221473e-15
3.610000000000000000e+02,8.043967134787617223e-04,8.031318101420248682e-04,0.000000000000000000e+00,1.264903336736815308e-06,2.013480679097793990e-15,1.469827403860372028e+00,-3.099999999999938360e-01,1.000000000000000000e+00,3.950210873861819067e-04,2.012874800933594232e-15,4.939110046095231847e-17,0.000000000000000000e+00,7.868524862134893525e-21,6.261573133251212843e-15
3.620000000000000000e+02,8.043967066423368499e-04,8.031318030288588008e-04,0.000000000000000000e+00,1.264903613478072629e-06,2.033431528566321145e-15,1.469827403686379652e+00,-3.099999999999938360e-01,1.000000000000000000e+00,3.950210873861819067e-04,2.032930119898907140e-15,4.515427901611856955e-17,0.000000000000000000e+00,7.868524782692713301e-21,6.261573070033133677e-15
3.630000000000000000e+02,8.043967742523252043e-04,8.031318623946517897e-04,0.000000000000000000e+00,1.264911857673455861e-06,2.024615759354458284e-15,1.469827398503109395e+00,-3.099999999999938360e-01,1.000000000000000000e+00,3.950210873861819067e-04,2.024100598711294131e-15,4.566989447214044144e-17,0.000000000000000000e+00,7.868524910799104785e-21,6.261573171976962660e-15
3.640000000000000000e+02,8.043967590961451824e-04,8.031318553468675585e-04,0.000000000000000000e+00,1.264903749277633999e-06,1.994148638102525372e-15,1.469827403600999949e+00,-3.099999999999938360e-01,1.000000000000000000e+00,3.950210873861819067e-04,1.993556990853242748e-15,4.857278048872166989e-17,0.000000000000000000e+00,7.868524878400101652e-21,6.261573146194654827e-15
3.650000000000000000e+02,8.043967575385629941e-04,8.031318537345888886e-04,0.000000000000000000e+00,1.264903803974151928e-06,1.979366845232313849e-15,1.469827403566611235e+00,-3.099999999999938360e-01,1.000000000000000000e+00,3.950210873861819067e-04,1.978822505619770956e-15,4.641766038590091275e-17,0.000000000000000000e+00,7.868524848821388200e-21,6.261573122656661791e-15
3.660000000000000000e+02,8.043967608862684620e-04,8.031318570076309907e-04,0.000000000000000000e+00,1.264903878637498426e-06,2.012206394370778777e-15,1.469827403519669007e+00,-3.099999999999938360e-01,1.000000000000000000e+00,3.950210873861819067e-04,2.011760792867804850e-15,4.234484342441958734e-17,0.000000000000000000e+00,7.868524863441779932e-21,6.261573134291200518e-15
3.670000000000000000e+02,8.043967254761310746e-04,8.031318214651801722e-04,0.000000000000000000e+00,1.264904010950931377e-06,1.980588953773989354e-15,1.469827403436481106e+00,-3.099999999999938360e-01,1.000000000000000000e+00,3.950210873861819067e-04,1.980100639293331156e-15,4.397797198340355553e-17,0.000000000000000000e+00,7.868524797729903356e-21,6.261573081999350549e-15
3.680000000000000000e+02,8.043967297768156660e-04,8.031318258848273292e-04,0.000000000000000000e+00,1.264903891988389389e-06,2.040530988606523622e-15,1.469827403511275055e+00,-3.099999999999938360e-01,1.000000000000000000e+00,3.950210873861819067e-04,2.040085548424733121e-15,4.263414723149236398e-17,0.000000000000000000e+00,7.868525095961419136e-21,6.261573319324450183e-15
3.690000000000000000e+02,8.043967299225732040e-04,8.031318259945084735e-04,0.000000000000000000e+00,1.264903928064720317e-06,2.018523965487698648e-15,1.469827403488593198e+00,-3.099999999999938360e-01,1.000000000000000000e+00,3.950210873861819067e-04,2.018126340143228137e-15,4.006337986701593585e-17,0.000000000000000000e+00,7.868524892002988483e-21,6.261573157019486999e-15
3.700000000000000000e+02,8.043967287280829508e-04,8.031318248418530285e-04,0.000000000000000000e+00,1.264903886229950247e-06,2.013197737305056760e-15,1.469827403514895492e+00,-3.099999999999938360e-01,1.000000000000000000e+00,3.950210873861819067e-04,2.012890440066444744e-15,3.517393519922383907e-17,0.000000000000000000e+00,7.868524867201551781e-21,6.261573137283130628e-15
3.710000000000000000e+02,5.114360564464483596e-05,5.003326898416504708e-05,0.000000000000000000e+00,1.110336660479791631e-06,1.939826799477249875e-15,1.469927748082432206e+00,-3.099999999999938360e-01,1.000000000000000000e+00,5.114360564464483596e-05,1.939183408007324204e-15,4.995720185917329386e-17,0.000000000000000000e+00,7.851981059630104640e-21,6.248407993520346682e-15
3.720000000000000000e+02,5.114359008405200977e-05,5.003326836187953268e-05,0.000000000000000000e+00,1.110321722172478783e-06,1.961920494063921920e-15,1.469927758106881255e+00,-3.099999999999938360e-01,1.000000000000000000e+00,5.114360564464483596e-05,1.961093947626355955e-15,5.694342411240864756e-17,0.000000000000000000e+00,7.851981054479013916e-21,6.248407989421238458e-15
3.730000000000000000e+02,5.114362419390975679e-05,5.003328710564713163e-05,0.000000000000000000e+00,1.110337088262626642e-06,1.958820908493553726e-15,1.469927747795366724e+00,-3.099999999999938360e-01,1.000000000000000000e+00,5.114360564464483596e-05,1.958158082647591342e-15,5.095365395892917841e-17,0.000000000000000000e+00,7.851981060439758066e-21,6.248407994164648037e-15
3.740000000000000000e+02,5.114366172920230535e-05,5.003332502646035644e-05,0.000000000000000000e+00,1.110336702741950387e-06,1.988102175382954996e-15,1.469927748054072003e+00,-3.099999999999938360e-01,1.000000000000000000e+00,5.114360564464483596e-05,1.987019628703586540e-15,6.559919852746797633e-17,0.000000000000000000e+00,7.851981056348401265e-21,6.248407990908849476e-15
3.750000000000000000e+02,5.114357693498616212e-05,5.003324026599722255e-05,0.000000000000000000e+00,1.110336668988937659e-06,1.954823972354486082e-15,1.469927748076722107e+00,-3.099999999999938360e-01,1.000000000000000000e+00,5.114360564464483596e-05,1.954339088772785545e-15,4.353721310417207882e-17,0.000000000000000000e+00,7.851981056570107399e-21,6.248407991085279795e-15
3.760000000000000000e+02,5.114360545044800449e-05,5.003326872225703878e-05,0.000000000000000000e+00,1.110336728190968678e-06,1.973653946960949366e-15,1.469927748036994331e+00,-3.099999999999938360e-01,1.000000000000000000e+00,5.114360564464483596e-05,1.972734612922682291e-15,6.023329037728791972e-17,0.000000000000000000e+00,7.851980629865662564e-21,6.248407651524669859e-15
3.770000000000000000e+02,5.114362441070468190e-05,5.003329586376855021e-05,0.000000000000000000e+00,1.110328546936128938e-06,2.003934258917031857e-15,1.469927753527070502e+00,-3.099999999999938360e-01,1.000000000000000000e+00,5.114360564464483596e-05,2.003289739884838442e-15,5.082058708669753988e-17,0.000000000000000000e+00,7.851981118179857013e-21,6.248408040112759441e-15
3.780000000000000000e+02,5.114361300797627035e-05,5.003327610192143679e-05,0.000000000000000000e+00,1.110336906054833553e-06,1.976500319206030443e-15,1.469927747917638028e+00,-3.099999999999938360e-01,1.000000000000000000e+00,5.114360564464483596e-05,1.975483614143084109e-15,6.338771183805536190e-17,0.000000000000000000e+00,7.851981038482324057e-21,6.248407976691476805e-15
3.790000000000000000e+02,5.114361122841574905e-05,5.003327449699960036e-05,0.000000000000000000e+00,1.110336731416145515e-06,2.019041572509380227e-15,1.469927748034830062e+00,-3.099999999999938360e-01,1.000000000000000000e+00,5.114360564464483596e-05,2.018525780763208387e-15,4.563489732405670479e-17,0.000000000000000000e+00,7.851981133177084022e-21,6.248408052047172596e-15
3.800000000000000000e+02,5.114359914710276859e-05,5.003326992645447933e-05,0.000000000000000000e+00,1.110329220648290106e-06,2.007337600638354954e-15,1.469927753074971477e+00,-3.099999999999938360e-01,1.000000000000000000e+00,5.114360564464483596e-05,2.006632374111613243e-15,5.320486859381785338e-17,0.000000000000000000e+00,7.851981208004602187e-21,6.248408111593019840e-15
3.810000000000000000e+02,5.114360289260160019e-05,5.003326608811320663e-05,0.000000000000000000e+00,1.110336804488391444e-06,1.974559506607497733e-15,1.469927747985794619e+00,-3.099999999999938360e-01,1.000000000000000000e+00,5.114360564464483596e-05,1.973832198787754259e-15,5.358820860124531991e-17,0.000000000000000000e+00,7.851980944269004448e-21,6.248407901718899990e-15
3.820000000000000000e+02,5.114360260880605725e-05,5.003326590925553198e-05,0.000000000000000000e+00,1.110336699550524212e-06,1.941322795508776283e-15,1.469927748056213623e+00,-3.099999999999938360e-01,1.000000000000000000e+00,5.114360564464483596e-05,1.940893773555562531e-15,4.081122484812878728e-17,0.000000000000000000e+00,7.851981230325921099e-21,6.248408129355761400e-15
3.830000000000000000e+02,5.114360563835729684e-05,5.003326898205994659e-05,0.000000000000000000e+00,1.110336656297352367e-06,2.001371293711250740e-15,1.469927748085238850e+00,-3.099999999999938360e-01,1.000000000000000000e+00,5.114360564464483596e-05,2.000959740724453296e-15,4.058535733143562370e-17,0.000000000000000000e+00,7.851980933048613328e-21,6.248407892789996397e-15
3.840000000000000000e+02,5.114360666632223468e-05,5.003327007976606042e-05,0.000000000000000000e+00,1.110336586556172559e-06,2.001109707930627279e-15,1.469927748132038969e+00,-3.099999999999938360e-01,1.000000000000000000e+00,5.114360564464483596e-05,2.000601581030745300e-15,4.509298271159864007e-17,0.000000000000000000e+00,7.851981451306635417e-21,6.248408305206626741e-15
3.850000000000000000e+02,5.114360556399760933e-05,5.003326889709691091e-05,0.000000000000000000e+00,1.110336666900696089e-06,1.967053042605770203e-15,1.469927748078123431e+00,-3.099999999999938360e-01,1.000000000000000000e+00,5.114360564464483596e-05,1.966542267016544019e-15,4.482392665080045730e-17,0.000000000000000000e+00,7.851981166468028947e-21,6.248408078539265918e-15
3.860000000000000000e+02,5.114360692240090125e-05,5.003327028235185877e-05,0.000000000000000000e+00,1.110336640049039518e-06,1.942760726422301131e-15,1.469927748096142350e+00,-3.099999999999938360e-01,1.000000000000000000e+00,5.114360564464483596e-05,1.942108908593310054e-15,5.032124034396344185e-17,0.000000000000000000e+00,7.851981141553929857e-21,6.248408058713254716e-15
3.870000000000000000e+02,5.114360579769514466e-05,5.003326912449398479e-05,0.000000000000000000e+00,1.110336673201156908e-06,2.003889694900289523e-15,1.469927748073895479e+00,-3.099999999999938360e-01,1.000000000000000000e+00,5.114360564464483596e-05,2.003364517986679701e-15,4.587501866942761703e-17,0.000000000000000000e+00,7.851981080536220136e-21,6.248408010156905680e-15
3.880000000000000000e+02,5.114360244538846507e-05,5.003326581112866239e-05,0.000000000000000000e+00,1.110336634259802469e-06,2.023903111206907727e-15,1.469927748100027243e+00,-3.099999999999938360e-01,1.000000000000000000e+00,5.114360564464483596e-05,2.023404407960759158e-15,4.492666620524440162e-17,0.000000000000000000e+00,7.851981053762346795e-21,6.248407988850933833e-15
3.890000000000000000e+02,5.114360417027521868e-05,5.003326750730648109e-05,0.000000000000000000e+00,1.110336662968739925e-06,1.951610226967791966e-15,1.469927748080761987e+00,-3.099999999999938360e-01,1.000000000000000000e+00,5.114360564464483596e-05,1.950853716542504554e-15,5.433465372964811597e-17,0.000000000000000000e+00,7.851981058307183361e-21,6.248407992467599971e-15
3.900000000000000000e+02,5.114360166461500893e-05,5.003326502586173034e-05,0.000000000000000000e+00,1.110336638753277526e-06,2.004173481073526637e-15,1.469927748097011877e+00,-3.099999999999938360e-01,1.000000000000000000e+00,5.114360564464483596e-05,2.003700964193342809e-15,4.351767764244478790e-17,0.000000000000000000e+00,7.851981074942880225e-21,6.248408005705866885e-15
3.910000000000000000e+02,5.114360594466300464e-05,5.003326927724777775e-05,0.000000000000000000e+00,1.110336667415228794e-06,2.035009338407697308e-15,1.469927748077778151e+00,-3.099999999999938360e-01,1.000000000000000000e+00,5.114360564464483596e-05,2.034564936138824422e-15,4.252679131208545724e-17,0.000000000000000000e+00,7.851981381708871682e-21,6.248408249822486200e-15
3.920000000000000000e+02,5.114360492704764390e-05,5.003326830658823732e-05,0.000000000000000000e+00,1.110336620459407638e-06,1.971498156415688720e-15,1.469927748109288057e+00,-3.099999999999938360e-01,1.000000000000000000e+00,5.114360564464483596e-05,1.970993551214988043e-15,4.460271020619503229e-17,0.000000000000000000e+00,7.851981124377281402e-21,6.248408045044513505e-15
3.930000000000000000e+02,5.114360603439030249e-05,5.003326938479345720e-05,0.000000000000000000e+00,1.110336649596846568e-06,2.001414403067552596e-15,1.469927748089735253e+00,-3.099999999999938360e-01,1.000000000000000000e+00,5.114360564464483596e-05,2.000752922251156082e-15,5.145247173902784365e-17,0.000000000000000000e+00,7.851981374651560198e-21,6.248408244206455254e-15
3.940000000000000000e+02,5.114360569972198784e-05,5.003326904761336459e-05,0.000000000000000000e+00,1.110336652108626423e-06,2.013581314944567171e-15,1.469927748088049713e+00,-3.099999999999938360e-01,1.000000000000000000e+00,5.114360564464483596e-05,2.012967367625708269e-15,4.972010364293808774e-17,0.000000000000000000e+00,7.851981074820839461e-21,6.248408005608749430e-15
3.950000000000000000e+02,5.114360557133292820e-05,5.003326892454003301e-05,0.000000000000000000e+00,1.110336646792891804e-06,2.019883874665663087e-15,1.469927748091616859e+00,-3.099999999999938360e-01,1.000000000000000000e+00,5.114360564464483596e-05,2.019240484417567785e-15,5.097777125203196298e-17,0.000000000000000000e+00,7.851981088668612799e-21,6.248408016628457067e-15
3.960000000000000000e+02,5.114360556104697344e-05,5.003326889923998558e-05,0.000000000000000000e+00,1.110336661806988075e-06,1.999350604175831186e-15,1.469927748081541585e+00,-3.099999999999938360e-01,1.000000000000000000e+00,5.114360564464483596e-05,1.998704286574789549e-15,5.083318978944804193e-17,0.000000000000000000e+00,7.851981001332670155e-21,6.248407947128723478e-15
3.970000000000000000e+02,5.114367321913528637e-05,5.003333801277199457e-05,0.000000000000000000e+00,1.110335206363290739e-06,1.934882021430237981e-15,1.469927749058223654e+00,-3.099999999999938360e-01,1.000000000000000000e+00,5.114360564464483596e-05,1.934305576615949691e-15,4.722682568993303672e-17,0.000000000000000000e+00,7.851981062041555505e-21,6.248407995439318676e-15
3.980000000000000000e+02,5.114372390519209206e-05,5.003338720989746689e-05,0.000000000000000000e+00,1.110336695294627709e-06,1.948610934085235074e-15,1.469927748059069561e+00,-3.099999999999938360e-01,1.000000000000000000e+00,5.114360564464483596e-05,1.948076062907658282e-15,4.565331862064008049e-17,0.000000000000000000e+00,7.851981047038559734e-21,6.248407983500314350e-15
3.990000000000000000e+02,5.114323287174228345e-05,5.003289610455503216e-05,0.000000000000000000e+00,1.110336767187252356e-06,1.985839655162605141e-15,1.469927748010825708e+00,-3.099999999999938360e-01,1.000000000000000000e+00,5.114360564464483596e-05,1.985269379635906501e-15,4.758808921088240581e-17,0.000000000000000000e+00,7.851981054097745990e-21,6.248407989117836243e-15
4.000000000000000000e+02,5.114368309990850151e-05,5.003334642006904278e-05,0.000000000000000000e+00,1.110336679839455760e-06,1.975084008916437036e-15,1.469927748069440820e+00,-3.099999999999938360e-01,1.000000000000000000e+00,5.114360564464483596e-05,1.974476988301196165e-15,4.896391410833850323e-17,0.000000000000000000e+00,7.851981045605890541e-21,6.248407982360231270e-15
4.010000000000000000e+02,5.114358911335110025e-05,5.003325320553255037e-05,0.000000000000000000e+00,1.110335907818549668e-06,1.962937900306763439e-15,1.469927748587508853e+00,-3.099999999999938360e-01,1.000000000000000000e+00,5.114360564464483596e-05,1.962170844105453366e-15,5.487056534760714054e-17,0.000000000000000000e+00,7.851981063128442032e-21,6.248407996304235239e-15
4.020000000000000000e+02,5.114368020155849804e-05,5.003334355750073322e-05,0.000000000000000000e+00,1.110336644057761854e-06,2.029323548106654311e-15,1.469927748093452280e+00,-3.099999999999938360e-01,1.000000000000000000e+00,5.114360564464483596e-05,2.028889104432226320e-15,4.198886465156363891e-17,0.000000000000000000e+00,7.851981059889914094e-21,6.248407993727096870e-15
4.030000000000000000e+02,5.114359350182335863e-05,5.003325759075481787e-05,0.000000000000000000e+00,1.110335911068542030e-06,1.873162796078365108e-15,1.469927748585327931e+00,-3.099999999999938360e-01,1.000000000000000000e+00,5.114360564464483596e-05,1.872708715295942597e-15,4.124231086014764849e-17,0.000000000000000000e+00,7.851981060795278715e-21,6.248407994447562746e-15
4.040000000000000000e+02,5.114360418908908083e-05,5.003326750760345084e-05,0.000000000000000000e+00,1.110336681485629353e-06,1.977175332829258281e-15,1.469927748068336149e+00,-3.099999999999938360e-01,1.000000000000000000e+00,5.114360564464483596e-05,1.976764691805815954e-15,4.029453953942415805e-17,0.000000000000000000e+00,7.851981055626630430e-21,6.248407990334483796e-15
4.050000000000000000e+02,5.114360122974748066e-05,5.003326454048661676e-05,0.000000000000000000e+00,1.110336689260863472e-06,1.970290662507246667e-15,1.469927748063118544e+00,-3.099999999999938360e-01,1.000000000000000000e+00,5.114360564464483596e-05,1.969790182825610200e-15,4.440642234452198081e-17,0.000000000000000000e+00,7.851981051438993684e-21,6.248407987002067119e-15
4.060000000000000000e+02,5.114360662977083177e-05,5.003326995434411654e-05,0.000000000000000000e+00,1.110336675426717554e-06,1.948922744731352652e-15,1.469927748072402007e+00,-3.099999999999938360e-01,1.000000000000000000e+00,5.114360564464483596e-05,1.948469518950471027e-15,4.202854494811381930e-17,0.000000000000000000e+00,7.851981028773697666e-21,6.248407968965597925e-15
4.070000000000000000e+02,5.114360630598083928e-05,5.003326965120723354e-05,0.000000000000000000e+00,1.110336654773607857e-06,1.949508906319218599e-15,1.469927748086261365e+00,-3.099999999999938360e-01,1.000000000000000000e+00,5.114360564464483596e-05,1.948747651181925437e-15,5.447538682037786408e-17,0.000000000000000000e+00,7.851981050732345913e-21,6.248407986439734723e-15
4.080000000000000000e+02,5.114360715852778129e-05,5.003327049976166204e-05,0.000000000000000000e+00,1.110336658766116500e-06,1.916943580673796166e-15,1.469927748083582175e+00,-3.099999999999938360e-01,1.000000000000000000e+00,5.114360564464483596e-05,1.916662625361932331e-15,3.281877458904228403e-17,0.000000000000000000e+00,7.851981060198452585e-21,6.248407993972623516e-15
4.090000000000000000e+02,5.114360375310399084e-05,5.003326812327823223e-05,0.000000000000000000e+00,1.110335629825758393e-06,2.003111780470398939e-15,1.469927748774057186e+00,-3.099999999999938360e-01,1.000000000000000000e+00,5.114360564464483596e-05,2.002574759261735498e-15,4.638036831937063981e-17,0.000000000000000000e+00,7.851981057624510409e-21,6.248407991924345386e-15
4.100000000000000000e+02,5.114361017008285047e-05,5.003327346459881874e-05,0.000000000000000000e+00,1.110336705484029183e-06,1.961431314088411038e-15,1.469927748052231919e+00,-3.099999999999938360e-01,1.000000000000000000e+00,5.114360564464483596e-05,1.960569051002692697e-15,5.815321208100947904e-17,0.000000000000000000e+00,7.851981040160889365e-21,6.248407978027237621e-15
4.110000000000000000e+02,5.114360858901875409e-05,5.003327242681731115e-05,0.000000000000000000e+00,1.110336162201445269e-06,1.906749305258982441e-15,1.469927748416804070e+00,-3.099999999999938360e-01,1.000000000000000000e+00,5.114360564464483596e-05,1.905838954621191372e-15,5.891342879482899677e-17,0.000000000000000000e+00,7.851981071677147022e-21,6.248408003107078229e-15
4.120000000000000000e+02,5.114360057263240514e-05,5.003326389338623540e-05,0.000000000000000000e+00,1.110336679246171437e-06,2.026277773278799644e-15,1.469927748069838946e+00,-3.099999999999938360e-01,1.000000000000000000e+00,5.114360564464483596e-05,2.025664422186577533e-15,4.985241327715540105e-17,0.000000000000000000e+00,7.851981053423994006e-21,6.248407988581680618e-15
4.130000000000000000e+02,5.114360588112559959e-05,5.003326916137825809e-05,0.000000000000000000e+00,1.110336719747338319e-06,1.985144013452142310e-15,1.469927748042660465e+00,-3.099999999999938360e-01,1.000000000000000000e+00,5.114360564464483596e-05,1.984578616088957249e-15,4.737584453775894826e-17,0.000000000000000000e+00,7.851981002455786735e-21,6.248407948022469751e-15
4.140000000000000000e+02,5.114360865752972654e-05,5.003327247204659371e-05,0.000000000000000000e+00,1.110336185483133677e-06,1.982109542824435081e-15,1.469927748401180789e+00,-3.099999999999938360e-01,1.000000000000000000e+00,5.114360564464483596e-05,1.981539691504237352e-15,4.752568450143492756e-17,0.000000000000000000e+00,7.851981038228856630e-21,6.248407976489772960e-15
4.150000000000000000e+02,5.114360568238870541e-05,5.003326899058330710e-05,0.000000000000000000e+00,1.110336691805401267e-06,1.996063830811917374e-15,1.469927748061411021e+00,-3.099999999999938360e-01,1.000000000000000000e+00,5.114360564464483596e-05,1.995466546804844225e-15,4.882701298096960165e-17,0.000000000000000000e+00,7.851981055488046229e-21,6.248407990224201830e-15
4.160000000000000000e+02,5.114360912742218915e-05,5.003327245006837233e-05,0.000000000000000000e+00,1.110336677353816188e-06,1.980655546284106338e-15,1.469927748071108820e+00,-3.099999999999938360e-01,1.000000000000000000e+00,5.114360564464483596e-05,1.980155243006295153e-15,4.451523962667004275e-17,0.000000000000000000e+00,7.851981079855328669e-21,6.248408009615069468e-15
4.170000000000000000e+02,5.114360559672027424e-05,5.003326893806434380e-05,0.000000000000000000e+00,1.110336658655930431e-06,2.019502071761427203e-15,1.469927748083656116e+00,-3.099999999999938360e-01,1.000000000000000000e+00,5.114360564464483596e-05,2.019017730583319877e-15,4.422693045219006923e-17,0.000000000000000000e+00,7.851981016091340648e-21,6.248407958873298834e-15
4.180000000000000000e+02,5.114360492158380705e-05,5.003326824980745824e-05,0.000000000000000000e+00,1.110336671776348176e-06,2.042347241497456248e-15,1.469927748074851603e+00,-3.099999999999938360e-01,1.000000000000000000e+00,5.114360564464483596e-05,2.041882119453269667e-15,4.358514709898419355e-17,0.000000000000000000e+00,7.851981091691290633e-21,6.248408019033828073e-15
4.190000000000000000e+02,5.114360523482496641e-05,5.003326857515949468e-05,0.000000000000000000e+00,1.110336659665473426e-06,1.936690035515511839e-15,1.469927748082978658e+00,-3.099999999999938360e-01,1.000000000000000000e+00,5.114360564464483596e-05,1.935894820395373444e-15,5.549358494263699773e-17,0.000000000000000000e+00,7.851981009569627272e-21,6.248407953683483913e-15
4.200000000000000000e+02,5.114360696545608740e-05,5.003327030646265161e-05,0.000000000000000000e+00,1.110336658993437485e-06,2.061040067984297928e-15,1.469927748083429631e+00,-3.099999999999938360e-01,1.000000000000000000e+00,5.114360564464483596e-05,2.060538460275793693e-15,4.546884097188570870e-17,0.000000000000000000e+00,7.851981114015114758e-21,6.248408036798562296e-15
4.210000000000000000e+02,5.114361061635512850e-05,5.003327396113581402e-05,0.000000000000000000e+00,1.110336655219315535e-06,2.028249090470346028e-15,1.469927748085962271e+00,-3.099999999999938360e-01,1.000000000000000000e+00,5.114360564464483596e-05,2.027907904545487371e-15,3.720085501791241130e-17,0.000000000000000000e+00,7.851981062436198111e-21,6.248407995753364991e-15
4.220000000000000000e+02,5.114359765692445364e-05,5.003326097488458628e-05,0.000000000000000000e+00,1.110336682039868844e-06,1.947498503907529868e-15,1.469927748067964224e+00,-3.099999999999938360e-01,1.000000000000000000e+00,5.114360564464483596e-05,1.947073262450238366e-15,4.069561784513907760e-17,0.000000000000000000e+00,7.851981054394203785e-21,6.248407989353749041e-15
4.230000000000000000e+02,5.114362146199804117e-05,5.003328480483309879e-05,0.000000000000000000e+00,1.110336657164943862e-06,1.961959840895115799e-15,1.469927748084656649e+00,-3.099999999999938360e-01,1.000000000000000000e+00,5.114360564464483596e-05,1.961512034722263597e-15,4.191604541533549060e-17,0.000000000000000000e+00,7.851981062080672948e-21,6.248407995470446338e-15
4.240000000000000000e+02,5.114360539356742460e-05,5.003326873914356893e-05,0.000000000000000000e+00,1.110336654423858001e-06,1.973514326131146868e-15,1.469927748086496067e+00,-3.099999999999938360e-01,1.000000000000000000e+00,5.114360564464483596e-05,1.972881358450285882e-15,4.997940438397030682e-17,0.000000000000000000e+00,7.851981065457938559e-21,6.248407998157988946e-15
4.250000000000000000e+02,5.114361970228485031e-05,5.003328304890858466e-05,0.000000000000000000e+00,1.110336653376262686e-06,1.913301711868405060e-15,1.469927748087199060e+00,-3.099999999999938360e-01,1.000000000000000000e+00,5.114360564464483596e-05,1.912741815490393079e-15,4.628377525041240819e-17,0.000000000000000000e+00,7.851981069606897216e-21,6.248408001459626636e-15
4.260000000000000000e+02,5.114359895674945415e-05,5.003326230994762784e-05,0.000000000000000000e+00,1.110336646801825672e-06,2.001203173814928654e-15,1.469927748091610864e+00,-3.099999999999938360e-01,1.000000000000000000e+00,5.114360564464483596e-05,2.000646768175949339e-15,4.718741158847441626e-17,0.000000000000000000e+00,7.851981033621130928e-21,6.248407972823062276e-15
4.270000000000000000e+02,5.114360640554851191e-05,5.003326975439383750e-05,0.000000000000000000e+00,1.110336651154672931e-06,1.942396078818204800e-15,1.469927748088689867e+00,-3.099999999999938360e-01,1.000000000000000000e+00,5.114360564464483596e-05,1.942000583971206947e-15,3.919513748127896380e-17,0.000000000000000000e+00,7.851980991023236376e-21,6.248407938924734935e-15
4.280000000000000000e+02,5.114360300519973630e-05,5.003326637608824053e-05,0.000000000000000000e+00,1.110336629111497888e-06,1.893367221777514192e-15,1.469927748103482035e+00,-3.099999999999938360e-01,1.000000000000000000e+00,5.114360564464483596e-05,1.892816212805412381e-15,4.567516809848161308e-17,0.000000000000000000e+00,7.851981101098847531e-21,6.248408026520124375e-15
4.290000000000000000e+02,5.114360675144321829e-05,5.003327009931771537e-05,0.000000000000000000e+00,1.110336652125501649e-06,1.948709845852952792e-15,1.469927748088038388e+00,-3.099999999999938360e-01,1.000000000000000000e+00,5.114360564464483596e-05,1.948241568847414653e-15,4.271829441292852442e-17,0.000000000000000000e+00,7.851981133571353479e-21,6.248408052360922300e-15
4.300000000000000000e+02,5.114360554727369595e-05,5.003326889071030959e-05,0.000000000000000000e+00,1.110336656563387416e-06,1.925170132047414385e-15,1.469927748085060326e+00,-3.099999999999938360e-01,1.000000000000000000e+00,5.114360564464483596e-05,1.924751056432400788e-15,4.016725069210564551e-17,0.000000000000000000e+00,7.851981080665480128e-21,6.248408010259766831e-15
4.310000000000000000e+02,5.114360553944340490e-05,5.003326889217072314e-05,0.000000000000000000e+00,1.110336647272681123e-06,1.981511825244912314e-15,1.469927748091294895e+00,-3.099999999999938360e-01,1.000000000000000000e+00,5.114360564464483596e-05,1.981082097854832253e-15,4.126542236385507063e-17,0.000000000000000000e+00,7.851981076078103079e-21,6.248408006609247517e-15
4.320000000000000000e+02,5.114360565850020111e-05,5.003326899681696815e-05,0.000000000000000000e+00,1.110336661683235502e-06,1.968919357865703462e-15,1.469927748081624630e+00,-3.099999999999938360e-01,1.000000000000000000e+00,5.114360564464483596e-05,1.968535680923639984e-15,3.886786136568693274e-17,0.000000000000000000e+00,7.851981014119662345e-21,6.248407957304287626e-15
4.330000000000000000e+02,5.114360421665286785e-05,5.003326760368346870e-05,0.000000000000000000e+00,1.110336612969400429e-06,1.979657736275832157e-15,1.469927748114314259e+00,-3.099999999999938360e-01,1.000000000000000000e+00,5.114360564464483596e-05,1.979205717795081755e-15,4.230223850286454213e-17,0.000000000000000000e+00,7.851981343121729249e-21,6.248408219115812774e-15
4.340000000000000000e+02,5.114361466732604517e-05,5.003326989344500906e-05,0.000000000000000000e+00,1.110344773881035475e-06,1.964052063685480505e-15,1.469927742637909374e+00,-3.099999999999938360e-01,1.000000000000000000e+00,5.114360564464483596e-05,1.963553009681934022e-15,4.427286950898004726e-17,0.000000000000000000e+00,7.851981042073876458e-21,6.248407979549544320e-15
4.350000000000000000e+02,5.114360478195712064e-05,5.003326834191436302e-05,0.000000000000000000e+00,1.110336440042755925e-06,1.979892457803172127e-15,1.469927748230357434e+00,-3.099999999999938360e-01,1.000000000000000000e+00,5.114360564464483596e-05,1.979188660274010801e-15,5.278628085969609224e-17,0.000000000000000000e+00,7.851981060822592314e-21,6.248407994469299019e-15
4.360000000000000000e+02,5.114360731143893942e-05,5.003327070007865214e-05,0.000000000000000000e+00,1.110336611360286434e-06,1.965949813452168485e-15,1.469927748115394062e+00,-3.099999999999938360e-01,1.000000000000000000e+00,5.114360564464483596e-05,1.965539434706801394e-15,4.016714532339123298e-17,0.000000000000000000e+00,7.851980983029400831e-21,6.248407932563444215e-15
4.370000000000000000e+02,5.114361276235516063e-05,5.003326864980247067e-05,0.000000000000000000e+00,1.110344112552687849e-06,1.944056476863802339e-15,1.469927743081695048e+00,-3.099999999999938360e-01,1.000000000000000000e+00,5.114360564464483596e-05,1.943550277744472083e-15,4.436105334448554271e-17,0.000000000000000000e+00,7.851981112509925275e-21,6.248408035600770886e-15
4.380000000000000000e+02,5.114360460860185333e-05,5.003326806634876160e-05,0.000000000000000000e+00,1.110336542253091517e-06,1.947582367590978494e-15,1.469927748161768744e+00,-3.099999999999938360e-01,1.000000000000000000e+00,5.114360564464483596e-05,1.947013219877936269e-15,4.708078281187473518e-17,0.000000000000000000e+00,7.851981079004060110e-21,6.248408008937650942e-15
4.390000000000000000e+02,5.114360711328486489e-05,5.003327047514208022e-05,0.000000000000000000e+00,1.110336638142787000e-06,1.938288626104228205e-15,1.469927748097421549e+00,-3.099999999999938360e-01,1.000000000000000000e+00,5.114360564464483596e-05,1.937777985458224127e-15,4.448906716069856607e-17,0.000000000000000000e+00,7.851981049226020432e-21,6.248407985241039278e-15
4.400000000000000000e+02,5.114360453924005322e-05,5.003326787846775338e-05,0.000000000000000000e+00,1.110336660772297731e-06,1.930364396515736347e-15,1.469927748082235919e+00,-3.099999999999938360e-01,1.000000000000000000e+00,5.114360564464483596e-05,1.929942311376615466e-15,4.036555502155503489e-17,0.000000000000000000e+00,7.851981062946237022e-21,6.248407996159241815e-15
4.410000000000000000e+02,5.114360443647038599e-05,5.003326770273106987e-05,0.000000000000000000e+00,1.110336733739318450e-06,1.967818108501703506e-15,1.469927748033271087e+00,-3.099999999999938360e-01,1.000000000000000000e+00,5.114360564464483596e-05,1.967141118130983459e-15,5.161326809991098052e-17,0.000000000000000000e+00,7.851980999020929799e-21,6.248407945289099058e-15
4.420000000000000000e+02,5.114360590889332505e-05,5.003326925610571341e-05,0.000000000000000000e+00,1.110336652787610999e-06,1.976426454716023779e-15,1.469927748087594077e+00,-3.099999999999938360e-01,1.000000000000000000e+00,5.114360564464483596e-05,1.976110293321353321e-15,3.535024001463456290e-17,0.000000000000000000e+00,7.851981294147974403e-21,6.248408180143737983e-15
4.430000000000000000e+02,5.114360440718118607e-05,5.003326772902099388e-05,0.000000000000000000e+00,1.110336678160193037e-06,1.931574002332801737e-15,1.469927748070567697e+00,-3.099999999999938360e-01,1.000000000000000000e+00,5.114360564464483596e-05,1.930950055672954302e-15,4.909184171448061815e-17,0.000000000000000000e+00,7.851981094534905131e-21,6.248408021296704768e-15
4.440000000000000000e+02,5.114360585864653102e-05,5.003326921116604836e-05,0.000000000000000000e+00,1.110336647480479481e-06,1.928268485326349735e-15,1.469927748091155451e+00,-3.099999999999938360e-01,1.000000000000000000e+00,5.114360564464483596e-05,1.927981389084382133e-15,3.327333444935430644e-17,0.000000000000000000e+00,7.851981064468200152e-21,6.248407997370380752e-15
4.450000000000000000e+02,2.593375281516840903e-05,2.485754751949548688e-05,0.000000000000000000e+00,1.076205295672921731e-06,1.986405546766019636e-15,1.469950830855188961e+00,-3.099999999999938360e-01,1.000000000000000000e+00,2.593375281516840903e-05,1.985695704710250094e-15,5.309957115077778981e-17,0.000000000000000000e+00,7.853484497071900265e-21,6.249604391022801969e-15
4.460000000000000000e+02,2.593373761565159974e-05,2.485754702822236769e-05,0.000000000000000000e+00,1.076190587429232691e-06,1.955780307187671769e-15,1.469950840880543508e+00,-3.099999999999938360e-01,1.000000000000000000e+00,2.593375281516840903e-05,1.955481432354220984e-15,3.419031499284935124e-17,0.000000000000000000e+00,7.853484491908661136e-21,6.249604386914027833e-15
4.470000000000000000e+02,2.593375295824822176e-05,2.485754721888466958e-05,0.000000000000000000e+00,1.076205739363551334e-06,1.939501751646095680e-15,1.469950830552763987e+00,-3.099999999999938360e-01,1.000000000000000000e+00,2.593375281516840903e-05,1.938853618569812612e-15,5.013671643953392059e-17,0.000000000000000000e+00,7.853484497982567212e-21,6.249604391747489040e-15
4.480000000000000000e+02,2.593372302169290170e-05,2.485751762629880083e-05,0.000000000000000000e+00,1.076205395394101294e-06,1.913195249330056794e-15,1.469950830787217777e+00,-3.099999999999938360e-01,1.000000000000000000e+00,2.593375281516840903e-05,1.912726998202619446e-15,4.232602443198101612e-17,0.000000000000000000e+00,7.853484493118202317e-21,6.249604387876550156e-15
4.490000000000000000e+02,2.593376061201363347e-05,2.485755538880067333e-05,0.000000000000000000e+00,1.076205223212961191e-06,1.934062193531456651e-15,1.469950830904578565e+00,-3.099999999999938360e-01,1.000000000000000000e+00,2.593375281516840903e-05,1.933279945711386225e-15,5.500199902013406863e-17,0.000000000000000000e+00,7.853484494623105920e-21,6.249604389074113585e-15
4.500000000000000000e+02,2.593375281704214755e-05,2.485754746419605322e-05,0.000000000000000000e+00,1.076205352846093271e-06,1.995198191379762382e-15,1.469950830816219023e+00,-3.099999999999938360e-01,1.000000000000000000e+00,2.593375281516840903e-05,1.994435533780401454e-15,5.516089572769853926e-17,0.000000000000000000e+00,7.853484067264600230e-21,6.249604048993019534e-15
4.510000000000000000e+02,2.593377085942869190e-05,2.485757349060968585e-05,0.000000000000000000e+00,1.076197368819004571e-06,1.973006022293177250e-15,1.469950836258240301e+00,-3.099999999999938360e-01,1.000000000000000000e+00,2.593375281516840903e-05,1.972567249449756232e-15,4.160781587262546430e-17,0.000000000000000000e+00,7.853484555450019178e-21,6.249604437478634507e-15
4.520000000000000000e+02,2.593377348080933334e-05,2.485756793132243967e-05,0.000000000000000000e+00,1.076205549486893464e-06,1.997161378374216487e-15,1.469950830682186238e+00,-3.099999999999938360e-01,1.000000000000000000e+00,2.593375281516840903e-05,1.996786541139929333e-15,3.869212232950100866e-17,0.000000000000000000e+00,7.853484475649506146e-21,6.249604373975403423e-15
4.530000000000000000e+02,2.593375350537550325e-05,2.485754808986841870e-05,0.000000000000000000e+00,1.076205415507083279e-06,1.965584729967971280e-15,1.469950830773508521e+00,-3.099999999999938360e-01,1.000000000000000000e+00,2.593375281516840903e-05,1.964972513119931075e-15,4.905459514384403004e-17,0.000000000000000000e+00,7.853484571010910211e-21,6.249604449861597917e-15
4.540000000000000000e+02,2.593374516033482101e-05,2.485754718582798570e-05,0.000000000000000000e+00,1.076197974506835317e-06,1.929765191344211367e-15,1.469950835845394543e+00,-3.099999999999938360e-01,1.000000000000000000e+00,2.593375281516840903e-05,1.929360152039227361e-15,3.953602642216280168e-17,0.000000000000000000e+00,7.853484646364742900e-21,6.249604509826272715e-15
4.550000000000000000e+02,2.593374947004871252e-05,2.485754403066574785e-05,0.000000000000000000e+00,1.076205439382963182e-06,1.936804197089823361e-15,1.469950830757234428e+00,-3.099999999999938360e-01,1.000000000000000000e+00,2.593375281516840903e-05,1.936184726767568854e-15,4.898164590000559758e-17,0.000000000000000000e+00,7.853484381088596807e-21,6.249604298726221998e-15
4.560000000000000000e+02,2.593375039510566264e-05,2.485754502577657482e-05,0.000000000000000000e+00,1.076205369329089303e-06,1.987797262963586118e-15,1.469950830804984010e+00,-3.099999999999938360e-01,1.000000000000000000e+00,2.593375281516840903e-05,1.987413610038982572e-15,3.905254429183906502e-17,0.000000000000000000e+00,7.853484668869837658e-21,6.249604527735257254e-15
4.570000000000000000e+02,2.593375102835642512e-05,2.485754578399455324e-05,0.000000000000000000e+00,1.076205244361870613e-06,1.925874511923877773e-15,1.469950830890163207e+00,-3.099999999999938360e-01,1.000000000000000000e+00,2.593375281516840903e-05,1.925073806714072125e-15,5.552904032799829394e-17,0.000000000000000000e+00,7.853484369654973646e-21,6.249604289627633635e-15
4.580000000000000000e+02,2.593375394320831092e-05,2.485754873240727354e-05,0.000000000000000000e+00,1.076205210801036320e-06,1.999031359397094727e-15,1.469950830913038686e+00,-3.099999999999938360e-01,1.000000000000000000e+00,2.593375281516840903e-05,1.998629272907444320e-15,4.009245900141161868e-17,0.000000000000000000e+00,7.853484887904512614e-21,6.249604702037513696e-15
4.590000000000000000e+02,2.593375304878718385e-05,2.485754774221811457e-05,0.000000000000000000e+00,1.076205306569068437e-06,1.978377988556810903e-15,1.469950830847762013e+00,-3.099999999999938360e-01,1.000000000000000000e+00,2.593375281516840903e-05,1.977814720174797006e-15,4.720591281085705243e-17,0.000000000000000000e+00,7.853484605551281122e-21,6.249604477347951013e-15
4.600000000000000000e+02,2.593375334613177096e-05,2.485754807591468253e-05,0.000000000000000000e+00,1.076205270217089059e-06,1.967886695029170023e-15,1.469950830872539971e+00,-3.099999999999938360e-01,1.000000000000000000e+00,2.593375281516840903e-05,1.967374095422738638e-15,4.491339522584455809e-17,0.000000000000000000e+00,7.853484577791011163e-21,6.249604455257031011e-15
4.610000000000000000e+02,2.593375335159798966e-05,2.485754803536122852e-05,0.000000000000000000e+00,1.076205316236759872e-06,1.977185564449942375e-15,1.469950830841172396e+00,-3.099999999999938360e-01,1.000000000000000000e+00,2.593375281516840903e-05,1.976549702795328022e-15,5.014008962159688574e-17,0.000000000000000000e+00,7.853484517891430164e-21,6.249604407590457912e-15
4.620000000000000000e+02,2.593374885906085580e-05,2.485754358813588161e-05,0.000000000000000000e+00,1.076205270924973763e-06,1.958855018290560263e-15,1.469950830872057468e+00,-3.099999999999938360e-01,1.000000000000000000e+00,2.593375281516840903e-05,1.958439843084208651e-15,4.032819907626466548e-17,0.000000000000000000e+00,7.853484490995826014e-21,6.249604386187616313e-15
4.630000000000000000e+02,2.593375142463593769e-05,2.485754612843918664e-05,0.000000000000000000e+00,1.076205296196749775e-06,1.945495029758224257e-15,1.469950830854831914e+00,-3.099999999999938360e-01,1.000000000000000000e+00,2.593375281516840903e-05,1.945026924284295427e-15,4.267522186760777080e-17,0.000000000000000000e+00,7.853484495795491699e-21,6.249604390007067823e-15
4.640000000000000000e+02,2.593375444877225151e-05,2.485754916748896562e-05,0.000000000000000000e+00,1.076205281283284407e-06,1.937500237989498431e-15,1.469950830864997116e+00,-3.099999999999938360e-01,1.000000000000000000e+00,2.593375281516840903e-05,1.936997081035059515e-15,4.415291846916862228e-17,0.000000000000000000e+00,7.853484512631480763e-21,6.249604403404724084e-15
4.650000000000000000e+02,2.593375309822357403e-05,2.485754779693709010e-05,0.000000000000000000e+00,1.076205301286483087e-06,2.007160549131815146e-15,1.469950830851362689e+00,-3.099999999999938360e-01,1.000000000000000000e+00,2.593375281516840903e-05,2.006679842024143057e-15,4.392586417378152500e-17,0.000000000000000000e+00,7.853484819182901055e-21,6.249604647350592878e-15
4.660000000000000000e+02,2.593375229311649101e-05,2.485754703589183767e-05,0.000000000000000000e+00,1.076205257224652911e-06,2.011232731326974923e-15,1.469950830881395776e+00,-3.099999999999938360e-01,1.000000000000000000e+00,2.593375281516840903e-05,2.010813442267566671e-15,4.106579958244638789e-17,0.000000000000000000e+00,7.853484562126629984e-21,6.249604442791711311e-15
4.670000000000000000e+02,2.593375270202386891e-05,2.485754741910981081e-05,0.000000000000000000e+00,1.076205282914057882e-06,1.994007949360105820e-15,1.469950830863885560e+00,-3.099999999999938360e-01,1.000000000000000000e+00,2.593375281516840903e-05,1.993557873111960015e-15,4.236400126210695669e-17,0.000000000000000000e+00,7.853484812243754401e-21,6.249604641828594940e-15
4.680000000000000000e+02,2.593375288391332520e-05,2.485754759644248396e-05,0.000000000000000000e+00,1.076205287470841451e-06,1.944499997455990578e-15,1.469950830860779600e+00,-3.099999999999938360e-01,1.000000000000000000e+00,2.593375281516840903e-05,1.944081006292948590e-15,4.036435327942856010e-17,0.000000000000000000e+00,7.853484512130343259e-21,6.249604403005930441e-15
4.690000000000000000e+02,2.593375277691744807e-05,2.485754749701279639e-05,0.000000000000000000e+00,1.076205279904652099e-06,1.936611304802785847e-15,1.469950830865936808e+00,-3.099999999999938360e-01,1.000000000000000000e+00,2.593375281516840903e-05,1.936050612592231509e-15,4.659797538001752891e-17,0.000000000000000000e+00,7.853484525887758885e-21,6.249604413953734984e-15
4.700000000000000000e+02,2.593375275214924246e-05,2.485754745607204842e-05,0.000000000000000000e+00,1.076205296077194463e-06,1.988461870598612534e-15,1.469950830854913404e+00,-3.099999999999938360e-01,1.000000000000000000e+00,2.593375281516840903e-05,1.987993991153838306e-15,4.313353566643333115e-17,0.000000000000000000e+00,7.853484438119082353e-21,6.249604344109642311e-15
4.710000000000000000e+02,2.593374003716004503e-05,2.485753615703937877e-05,0.000000000000000000e+00,1.076203880120664775e-06,1.947489293699643012e-15,1.469950831820047155e+00,-3.099999999999938360e-01,1.000000000000000000e+00,2.593375281516840903e-05,1.946861297846215283e-15,4.945337158989380313e-17,0.000000000000000000e+00,7.853484499549876964e-21,6.249604392994713630e-15
4.720000000000000000e+02,2.593367162783902772e-05,2.485746627117758868e-05,0.000000000000000000e+00,1.076205356661438832e-06,2.012796715819241603e-15,1.469950830813618436e+00,-3.099999999999938360e-01,1.000000000000000000e+00,2.593375281516840903e-05,2.012375313313733127e-15,4.118516136306488157e-17,0.000000000000000000e+00,7.853484484017039809e-21,6.249604380634074194e-15
4.730000000000000000e+02,2.593396426661284356e-05,2.485775887521065312e-05,0.000000000000000000e+00,1.076205391402191714e-06,2.029522723020811289e-15,1.469950830789938712e+00,-3.099999999999938360e-01,1.000000000000000000e+00,2.593375281516840903e-05,2.029101250816554211e-15,4.135936569662154331e-17,0.000000000000000000e+00,7.853484492361889628e-21,6.249604387274695828e-15
4.740000000000000000e+02,2.593383160119553285e-05,2.485762627949571413e-05,0.000000000000000000e+00,1.076205321699818509e-06,1.881642576209157587e-15,1.469950830837448708e+00,-3.099999999999938360e-01,1.000000000000000000e+00,2.593375281516840903e-05,1.881188701882955310e-15,4.132617148103226068e-17,0.000000000000000000e+00,7.853484483524131141e-21,6.249604380241830464e-15
4.750000000000000000e+02,2.593376917125937660e-05,2.485756460840236201e-05,0.000000000000000000e+00,1.076204562857015859e-06,1.976987020094907805e-15,1.469950831354685405e+00,-3.099999999999938360e-01,1.000000000000000000e+00,2.593375281516840903e-05,1.976313180250900544e-15,5.161289692157339066e-17,0.000000000000000000e+00,7.853484501679845644e-21,6.249604394689690148e-15
4.760000000000000000e+02,2.593371958276750807e-05,2.485751427869672180e-05,0.000000000000000000e+00,1.076205304070786052e-06,1.979430390615863146e-15,1.469950830849464873e+00,-3.099999999999938360e-01,1.000000000000000000e+00,2.593375281516840903e-05,1.978667706071479281e-15,5.494342710298485503e-17,0.000000000000000000e+00,7.853484496931781339e-21,6.249604390911298847e-15
4.770000000000000000e+02,2.593374185241681493e-05,2.485753728710451949e-05,0.000000000000000000e+00,1.076204565312296499e-06,1.963374393146703230e-15,1.469950831353011855e+00,-3.099999999999938360e-01,1.000000000000000000e+00,2.593375281516840903e-05,1.962658787346397390e-15,5.300464182009831402e-17,0.000000000000000000e+00,7.853484498163878470e-21,6.249604391891770911e-15
4.780000000000000000e+02,2.593374844865575763e-05,2.485754311899427305e-05,0.000000000000000000e+00,1.076205329661485215e-06,1.966862582916700887e-15,1.469950830832021937e+00,-3.099999999999938360e-01,1.000000000000000000e+00,2.593375281516840903e-05,1.966247418070923114e-15,4.918852453068860072e-17,0.000000000000000000e+00,7.853484493117493635e-21,6.249604387875985331e-15
4.790000000000000000e+02,2.593375576355692790e-05,2.485755044559720349e-05,0.000000000000000000e+00,1.076205317959724625e-06,1.975725992185269537e-15,1.469950830839998002e+00,-3.099999999999938360e-01,1.000000000000000000e+00,2.593375281516840903e-05,1.975112351394365522e-15,4.923815090163896259e-17,0.000000000000000000e+00,7.853484489017935081e-21,6.249604384613661313e-15
4.800000000000000000e+02,2.593375359385232637e-05,2.485754828365392420e-05,0.000000000000000000e+00,1.076205310198402599e-06,1.942504853429483077e-15,1.469950830845288214e+00,-3.099999999999938360e-01,1.000000000000000000e+00,2.593375281516840903e-05,1.942098677852463038e-15,3.972192114104289588e-17,0.000000000000000000e+00,7.853484466378461571e-21,6.249604366597741157e-15
4.810000000000000000e+02,2.593375340788848574e-05,2.485754811833666412e-05,0.000000000000000000e+00,1.076205289551820350e-06,2.010366355744643903e-15,1.469950830859361179e+00,-3.099999999999938360e-01,1.000000000000000000e+00,2.593375281516840903e-05,2.009795770437284938e-15,4.789410590797469325e-17,0.000000000000000000e+00,7.853484485365320168e-21,6.249604381707003122e-15
4.820000000000000000e+02,2.593375380002249710e-05,2.485754850535488108e-05,0.000000000000000000e+00,1.076205294667614748e-06,1.948023847516238452e-15,1.469950830855874191e+00,-3.099999999999938360e-01,1.000000000000000000e+00,2.593375281516840903e-05,1.947415207962848038e-15,4.869207559047791652e-17,0.000000000000000000e+00,7.853484496372426584e-21,6.249604390466179348e-15
4.830000000000000000e+02,2.593375103357275555e-05,2.485754674725877437e-05,0.000000000000000000e+00,1.076204286313980977e-06,2.023135263049661752e-15,1.469950831543180625e+00,-3.099999999999938360e-01,1.000000000000000000e+00,2.593375281516840903e-05,2.022587598110720370e-15,4.707122796415992723e-17,0.000000000000000000e+00,7.853484495186771448e-21,6.249604389522665418e-15
4.840000000000000000e+02,2.593375603603091667e-05,2.485755069176544228e-05,0.000000000000000000e+00,1.076205344265475450e-06,1.957812918396972343e-15,1.469950830822067678e+00,-3.099999999999938360e-01,1.000000000000000000e+00,2.593375281516840903e-05,1.957332341254247591e-15,4.337659807498053435e-17,0.000000000000000000e+00,7.853484477415135525e-21,6.249604375380445948e-15
4.850000000000000000e+02,2.593375128079080698e-05,2.485754646936046792e-05,0.000000000000000000e+00,1.076204811430340538e-06,1.955593536168576781e-15,1.469950831185254714e+00,-3.099999999999938360e-01,1.000000000000000000e+00,2.593375281516840903e-05,1.954959154578658222e-15,4.980745498155035976e-17,0.000000000000000000e+00,7.853484509233165339e-21,6.249604400700430803e-15
4.860000000000000000e+02,2.593376162201429337e-05,2.485755630218142674e-05,0.000000000000000000e+00,1.076205319832866202e-06,1.971376146457144028e-15,1.469950830838721245e+00,-3.099999999999938360e-01,1.000000000000000000e+00,2.593375281516840903e-05,1.970838697957638851e-15,4.602974463517545607e-17,0.000000000000000000e+00,7.853484490772503904e-21,6.249604386009902517e-15
4.870000000000000000e+02,2.593375286180993946e-05,2.485754750839897241e-05,0.000000000000000000e+00,1.076205353410967685e-06,1.943098215694413238e-15,1.469950830815833998e+00,-3.099999999999938360e-01,1.000000000000000000e+00,2.593375281516840903e-05,1.942427543213505697e-15,5.104816489042076396e-17,0.000000000000000000e+00,7.853484439054261272e-21,6.249604344853833178e-15
4.880000000000000000e+02,2.593375570822143098e-05,2.485755087919952542e-05,0.000000000000000000e+00,1.076204829021906187e-06,1.946332650663255446e-15,1.469950831173264083e+00,-3.099999999999938360e-01,1.000000000000000000e+00,2.593375281516840903e-05,1.946024310253185725e-15,3.464348250090465926e-17,0.000000000000000000e+00,7.853484474100139140e-21,6.249604372742455638e-15
4.890000000000000000e+02,2.593375365754483670e-05,2.485754832964508240e-05,0.000000000000000000e+00,1.076205327899754729e-06,1.952221843765891466e-15,1.469950830833222755e+00,-3.099999999999938360e-01,1.000000000000000000e+00,2.593375281516840903e-05,1.951502134818639171e-15,5.300514138564880836e-17,0.000000000000000000e+00,7.853484493023753509e-21,6.249604387801389066e-15
4.900000000000000000e+02,2.593374966120197165e-05,2.485754434508346308e-05,0.000000000000000000e+00,1.076205316118507720e-06,1.930848763795264280e-15,1.469950830841252998e+00,-3.099999999999938360e-01,1.000000000000000000e+00,2.593375281516840903e-05,1.930209637313481262e-15,4.967599631795837677e-17,0.000000000000000000e+00,7.853484518753240180e-21,6.249604408276265184e-15
4.910000000000000000e+02,2.593375284452696062e-05,2.485754755028316600e-05,0.000000000000000000e+00,1.076205294243796095e-06,1.952508590041535209e-15,1.469950830856163071e+00,-3.099999999999938360e-01,1.000000000000000000e+00,2.593375281516840903e-05,1.951776324989202275e-15,5.346934949997770767e-17,0.000000000000000000e+00,7.853484452593574359e-21,6.249604355628075700e-15
4.920000000000000000e+02,2.593375218689389396e-05,2.485754688103955108e-05,0.000000000000000000e+00,1.076205305854342672e-06,1.948239805819509252e-15,1.469950830848249179e+00,-3.099999999999938360e-01,1.000000000000000000e+00,2.593375281516840903e-05,1.947467526581491897e-15,5.485046789708124934e-17,0.000000000000000000e+00,7.853484529597459565e-21,6.249604416905820519e-15
4.930000000000000000e+02,2.593375261540291531e-05,2.485754731951726930e-05,0.000000000000000000e+00,1.076205295885645373e-06,1.907595767027327609e-15,1.469950830855043966e+00,-3.099999999999938360e-01,1.000000000000000000e+00,2.593375281516840903e-05,1.906994972874461369e-15,4.787257827225712111e-17,0.000000000000000000e+00,7.853484446440280849e-21,6.249604350731440146e-15
4.940000000000000000e+02,2.593375435377139090e-05,2.485754906002014933e-05,0.000000000000000000e+00,1.076205293751241143e-06,1.888899218378858229e-15,1.469950830856498802e+00,-3.099999999999938360e-01,1.000000000000000000e+00,2.593375281516840903e-05,1.888378648567227414e-15,4.434339596824249040e-17,0.000000000000000000e+00,7.853484552313079531e-21,6.249604434982336237e-15
4.950000000000000000e+02,2.593375191551692467e-05,2.485754662496240239e-05,0.000000000000000000e+00,1.076205290554521435e-06,1.941547028480253458e-15,1.469950830858677726e+00,-3.099999999999938360e-01,1.000000000000000000e+00,2.593375281516840903e-05,1.940707794069628825e-15,5.707995949736349620e-17,0.000000000000000000e+00,7.853484499976526118e-21,6.249604393334229897e-15
4.960000000000000000e+02,2.593375975605701115e-05,2.485755443865173757e-05,0.000000000000000000e+00,1.076205317405274646e-06,2.040677615455621107e-15,1.469950830840375922e+00,-3.099999999999938360e-01,1.000000000000000000e+00,2.593375281516840903e-05,2.040087616976507189e-15,4.906776150467208697e-17,0.000000000000000000e+00,7.853484491762404812e-21,6.249604386797641662e-15
4.970000000000000000e+02,2.593374661969817221e-05,2.485754132632807514e-05,0.000000000000000000e+00,1.076205293370097704e-06,1.967277805605991007e-15,1.469950830856758595e+00,-3.099999999999938360e-01,1.000000000000000000e+00,2.593375281516840903e-05,1.966644293584726698e-15,4.992180764834199047e-17,0.000000000000000000e+00,7.853484499533962463e-21,6.249604392982050046e-15
4.980000000000000000e+02,2.593375303731207615e-05,2.485754774752016813e-05,0.000000000000000000e+00,1.076205289791908239e-06,2.002040758139520414e-15,1.469950830859197533e+00,-3.099999999999938360e-01,1.000000000000000000e+00,2.593375281516840903e-05,2.001517875685522314e-15,4.575358457546112955e-17,0.000000000000000000e+00,7.853484502803690466e-21,6.249604395584015445e-15
4.990000000000000000e+02,2.593376009066729050e-05,2.485755480367336608e-05,0.000000000000000000e+00,1.076205286993923362e-06,1.966591906319830485e-15,1.469950830861104674e+00,-3.099999999999938360e-01,1.000000000000000000e+00,2.593375281516840903e-05,1.965940297464373955e-15,5.062087263842352496e-17,0.000000000000000000e+00,7.853484507045403714e-21,6.249604398959465273e-15
5.000000000000000000e+02,2.593375546448692452e-05,2.485755017909543397e-05,0.000000000000000000e+00,1.076205285391491398e-06,1.983206368750718059e-15,1.469950830862196911e+00,-3.099999999999938360e-01,1.000000000000000000e+00,2.593375281516840903e-05,1.982532154272375506e-15,5.170839649289065377e-17,0.000000000000000000e+00,7.853484470659290757e-21,6.249604370004316280e-15
5.010000000000000000e+02,2.593375336618603831e-05,2.485754808213246002e-05,0.000000000000000000e+00,1.076205284053579564e-06,1.975131980072423987e-15,1.469950830863108848e+00,-3.099999999999938360e-01,1.000000000000000000e+00,2.593375281516840903e-05,1.974426552661236708e-15,5.278377392156794964e-17,0.000000000000000000e+00,7.853484428680651895e-21,6.249604336598777725e-15
5.020000000000000000e+02,2.593375169742140080e-05,2.485754643331987331e-05,0.000000000000000000e+00,1.076205264101526003e-06,1.998275339224399306e-15,1.469950830876708414e+00,-3.099999999999938360e-01,1.000000000000000000e+00,2.593375281516840903e-05,1.997667988748530495e-15,4.926396269193385161e-17,0.000000000000000000e+00,7.853484538678446453e-21,6.249604424132240795e-15
5.030000000000000000e+02,2.593375267535708299e-05,2.485754738874462833e-05,0.000000000000000000e+00,1.076205286612454028e-06,1.956931767130643991e-15,1.469950830861364688e+00,-3.099999999999938360e-01,1.000000000000000000e+00,2.593375281516840903e-05,1.956452268317698954e-15,4.331815944748048370e-17,0.000000000000000000e+00,7.853484570671454526e-21,6.249604449591466700e-15
5.040000000000000000e+02,2.593375274418312798e-05,2.485754745227082205e-05,0.000000000000000000e+00,1.076205291912304662e-06,1.976429400509104165e-15,1.469950830857752244e+00,-3.099999999999938360e-01,1.000000000000000000e+00,2.593375281516840903e-05,1.975828724133820702e-15,4.872399842807636086e-17,0.000000000000000000e+00,7.853484518455034002e-21,6.249604408038960835e-15
5.050000000000000000e+02,2.593375268907798675e-05,2.485754740827031663e-05,0.000000000000000000e+00,1.076205280807669266e-06,1.965320526455311955e-15,1.469950830865321301e+00,-3.099999999999938360e-01,1.000000000000000000e+00,2.593375281516840903e-05,1.964789591536825090e-15,4.567967418297369780e-17,0.000000000000000000e+00,7.853484513189096163e-21,6.249604403848459921e-15
5.060000000000000000e+02,2.593375286270347113e-05,2.485754756660770674e-05,0.000000000000000000e+00,1.076205296095763119e-06,1.943310096117303538e-15,1.469950830854900747e+00,-3.099999999999938360e-01,1.000000000000000000e+00,2.593375281516840903e-05,1.942754760826390761e-15,4.645502013948814553e-17,0.000000000000000000e+00,7.853484451757681643e-21,6.249604354962892408e-15
5.070000000000000000e+02,2.593375127716559405e-05,2.485754603644282982e-05,0.000000000000000000e+00,1.076205240722763597e-06,2.011177194919683888e-15,1.469950830892643667e+00,-3.099999999999938360e-01,1.000000000000000000e+00,2.593375281516840903e-05,2.010613410208383844e-15,4.761747571578581311e-17,0.000000000000000000e+00,7.853484780809279553e-21,6.249604616813835357e-15
5.080000000000000000e+02,2.593376061172245742e-05,2.485754738846375221e-05,0.000000000000000000e+00,1.076213223258706697e-06,1.979085291827230665e-15,1.469950825451658671e+00,-3.099999999999938360e-01,1.000000000000000000e+00,2.593375281516840903e-05,1.978474972942648267e-15,4.914645159912637950e-17,0.000000000000000000e+00,7.853484479178741172e-21,6.249604376783878407e-15
5.090000000000000000e+02,2.593375353145302867e-05,2.485754847724173897e-05,0.000000000000000000e+00,1.076205054211289065e-06,2.015470243255023453e-15,1.469950831019772197e+00,-3.099999999999938360e-01,1.000000000000000000e+00,2.593375281516840903e-05,2.014839084126104213e-15,5.043576570915648040e-17,0.000000000000000000e+00,7.853484498840614141e-21,6.249604392430300218e-15
5.100000000000000000e+02,2.593375220819976431e-05,2.485754699091505225e-05,0.000000000000000000e+00,1.076205217284712272e-06,1.964886006340484312e-15,1.469950830908619333e+00,-3.099999999999938360e-01,1.000000000000000000e+00,2.593375281516840903e-05,1.964340414375283901e-15,4.630069441076306454e-17,0.000000000000000000e+00,7.853484420322963045e-21,6.249604329947939554e-15
5.110000000000000000e+02,2.593376096384829052e-05,2.485754833221485161e-05,0.000000000000000000e+00,1.076212631633438490e-06,2.010472639232501474e-15,1.469950825854916321e+00,-3.099999999999938360e-01,1.000000000000000000e+00,2.593375281516840903e-05,2.009778750284812233e-15,5.281673924469157010e-17,0.000000000000000000e+00,7.853484549608550277e-21,6.249604432830141461e-15
5.120000000000000000e+02,2.593375323334142952e-05,2.485754806033680812e-05,0.000000000000000000e+00,1.076205173004622034e-06,1.981738081874371853e-15,1.469950830938801190e+00,-3.099999999999938360e-01,1.000000000000000000e+00,2.593375281516840903e-05,1.981118203280338114e-15,4.956298740717242269e-17,0.000000000000000000e+00,7.853484516166158045e-21,6.249604406217530703e-15
5.130000000000000000e+02,2.593375223746152713e-05,2.485754699538456389e-05,0.000000000000000000e+00,1.076205242076963450e-06,1.991833926861313311e-15,1.469950830891720628e+00,-3.099999999999938360e-01,1.000000000000000000e+00,2.593375281516840903e-05,1.991151228935945162e-15,5.214571546117087874e-17,0.000000000000000000e+00,7.853484486599869851e-21,6.249604382689426039e-15
5.140000000000000000e+02,2.593375371527267316e-05,2.485754837501669698e-05,0.000000000000000000e+00,1.076205340255974690e-06,1.991944053590350370e-15,1.469950830824800603e+00,-3.099999999999938360e-01,1.000000000000000000e+00,2.593375281516840903e-05,1.991288915854305849e-15,5.108391300656580448e-17,0.000000000000000000e+00,7.853484500921187232e-21,6.249604394085967797e-15
5.150000000000000000e+02,2.593375158317805904e-05,2.485754620306781729e-05,0.000000000000000000e+00,1.076205380110241758e-06,2.009192487061442799e-15,1.469950830797635444e+00,-3.099999999999938360e-01,1.000000000000000000e+00,2.593375281516840903e-05,2.008593407080456104e-15,4.906093186430653541e-17,0.000000000000000000e+00,7.853484436057058374e-21,6.249604342468734319e-15
5.160000000000000000e+02,2.593375265176737804e-05,2.485754736650130597e-05,0.000000000000000000e+00,1.076205285266072288e-06,2.010078030485565655e-15,1.469950830862282398e+00,-3.099999999999938360e-01,1.000000000000000000e+00,2.593375281516840903e-05,2.009631056392391647e-15,4.238756612797371119e-17,0.000000000000000000e+00,7.853484731858482394e-21,6.249604577860029008e-15
5.170000000000000000e+02,2.593375242341423436e-05,2.485754710521539932e-05,0.000000000000000000e+00,1.076205318198835250e-06,1.996264450021103023e-15,1.469950830839835021e+00,-3.099999999999938360e-01,1.000000000000000000e+00,2.593375281516840903e-05,1.995643537250107774e-15,4.978580709658293710e-17,0.000000000000000000e+00,7.853484530733240639e-21,6.249604417809646857e-15
5.180000000000000000e+02,2.593375262159389606e-05,2.485754734645288653e-05,0.000000000000000000e+00,1.076205275141008472e-06,1.960666855380286711e-15,1.469950830869183767e+00,-3.099999999999938360e-01,1.000000000000000000e+00,2.593375281516840903e-05,1.960234356349987438e-15,4.117992120311598725e-17,0.000000000000000000e+00,7.853484502469156434e-21,6.249604395317803288e-15
5.190000000000000000e+02,1.594873085600779396e-05,1.494134686138692639e-05,0.000000000000000000e+00,1.007383994620866727e-06,2.012113024998250818e-15,1.469998515227595615e+00,-3.099999999999938360e-01,1.000000000000000000e+00,1.594873085600779396e-05,2.011507960864771209e-15,4.934114594927730612e-17,0.000000000000000000e+00,7.853294115284889703e-21,6.249452890010415415e-15
5.200000000000000000e+02,1.594871634181702443e-05,1.494134657713623029e-05,0.000000000000000000e+00,1.007369764680795629e-06,1.965027402489073466e-15,1.469998525252773414e+00,-3.099999999999938360e-01,1.000000000000000000e+00,1.594873085600779396e-05,1.964569096525418416e-15,4.243768901086232605e-17,0.000000000000000000e+00,7.853294110123286110e-21,6.249452885902942111e-15
5.210000000000000000e+02,1.594873320916598283e-05,1.494134878714600015e-05,0.000000000000000000e+00,1.007384422019983107e-06,1.975051901533140194e-15,1.469998514926488475e+00,-3.099999999999938360e-01,1.000000000000000000e+00,1.594873085600779396e-05,1.974598254426111676e-15,4.232903619680275491e-17,0.000000000000000000e+00,7.853294116253799480e-21,6.249452890781449642e-15
5.220000000000000000e+02,1.594872817360914533e-05,1.494134409428354308e-05,0.000000000000000000e+00,1.007384079325602679e-06,1.998618860975202799e-15,1.469998515167920239e+00,-3.099999999999938360e-01,1.000000000000000000e+00,1.594873085600779396e-05,1.998199725600708959e-15,4.092930482423001496e-17,0.000000000000000000e+00,7.853294111519079763e-21,6.249452887013679564e-15
5.230000000000000000e+02,1.594872652709541960e-05,1.494134257577307549e-05,0.000000000000000000e+00,1.007383951322342620e-06,1.994106495685922263e-15,1.469998515258099880e+00,-3.099999999999938360e-01,1.000000000000000000e+00,1.594873085600779396e-05,1.993647441345988033e-15,4.278546119549049891e-17,0.000000000000000000e+00,7.853294112735703250e-21,6.249452887981838298e-15
5.240000000000000000e+02,1.594873081208583900e-05,1.494134676612190331e-05,0.000000000000000000e+00,1.007384045963936961e-06,1.983021322630050607e-15,1.469998515191423882e+00,-3.099999999999938360e-01,1.000000000000000000e+00,1.594873085600779396e-05,1.982613365648060545e-15,4.022198773595317452e-17,0.000000000000000000e+00,7.853293685484717113e-21,6.249452547986305679e-15
5.250000000000000000e+02,1.594874800672605478e-05,1.494137169354077497e-05,0.000000000000000000e+00,1.007376313185278959e-06,1.978344582447341641e-15,1.469998520639258066e+00,-3.099999999999938360e-01,1.000000000000000000e+00,1.594873085600779396e-05,1.977829564502884424e-15,4.513868202996028193e-17,0.000000000000000000e+00,7.853294173501722516e-21,6.249452936337899494e-15
5.260000000000000000e+02,1.594874589338843301e-05,1.494136165267520217e-05,0.000000000000000000e+00,1.007384240713231692e-06,2.023512303877366128e-15,1.469998515054220967e+00,-3.099999999999938360e-01,1.000000000000000000e+00,1.594873085600779396e-05,2.023213778607267752e-15,3.475701274727310849e-17,0.000000000000000000e+00,7.853294093833092051e-21,6.249452872939617676e-15
5.270000000000000000e+02,1.594873277090615537e-05,1.494134867698917732e-05,0.000000000000000000e+00,1.007384093916978052e-06,2.027599928087977935e-15,1.469998515157640462e+00,-3.099999999999938360e-01,1.000000000000000000e+00,1.594873085600779396e-05,2.027060815003989761e-15,4.675382974750563773e-17,0.000000000000000000e+00,7.853294189374233527e-21,6.249452948968842908e-15
5.280000000000000000e+02,1.594872391695683660e-05,1.494134700514727757e-05,0.000000000000000000e+00,1.007376911809558386e-06,1.963527631209937710e-15,1.469998520217519422e+00,-3.099999999999938360e-01,1.000000000000000000e+00,1.594873085600779396e-05,1.963144323648638865e-15,3.879591459629644947e-17,0.000000000000000000e+00,7.853294264684145986e-21,6.249453008898567224e-15
5.290000000000000000e+02,1.594872805606287314e-05,1.494134392521013573e-05,0.000000000000000000e+00,1.007384130852737408e-06,1.942514053513540861e-15,1.469998515131618833e+00,-3.099999999999938360e-01,1.000000000000000000e+00,1.594873085600779396e-05,1.941912157169855046e-15,4.835309578354097805e-17,0.000000000000000000e+00,7.853293999312463236e-21,6.249452797722490825e-15
5.300000000000000000e+02,1.594872872060870103e-05,1.494134466195957282e-05,0.000000000000000000e+00,1.007384058649129484e-06,1.973772935036169260e-15,1.469998515182487031e+00,-3.099999999999938360e-01,1.000000000000000000e+00,1.594873085600779396e-05,1.973245247139552033e-15,4.563763425932408819e-17,0.000000000000000000e+00,7.853294286899692223e-21,6.249453026577136536e-15
5.310000000000000000e+02,1.594872974979104883e-05,1.494134578921514591e-05,0.000000000000000000e+00,1.007383960575901436e-06,1.916777687202587192e-15,1.469998515251580651e+00,-3.099999999999938360e-01,1.000000000000000000e+00,1.594873085600779396e-05,1.915862025693162577e-15,5.924019414988427140e-17,0.000000000000000000e+00,7.853293987828133950e-21,6.249452788583552227e-15
5.320000000000000000e+02,1.594873177541122946e-05,1.494134786570185053e-05,0.000000000000000000e+00,1.007383909709379138e-06,1.980313442117447227e-15,1.469998515287416652e+00,-3.099999999999938360e-01,1.000000000000000000e+00,1.594873085600779396e-05,1.979929794672960994e-15,3.897867539646242150e-17,0.000000000000000000e+00,7.853294506077195950e-21,6.249453200993052846e-15
5.330000000000000000e+02,1.594873095825666130e-05,1.494134695237172936e-05,0.000000000000000000e+00,1.007384005884931724e-06,2.015988835050545927e-15,1.469998515219659962e+00,-3.099999999999938360e-01,1.000000000000000000e+00,1.594873085600779396e-05,2.015480985048723584e-15,4.524800430747522971e-17,0.000000000000000000e+00,7.853294224136606985e-21,6.249452976631859826e-15
5.340000000000000000e+02,1.594873146258373727e-05,1.494134749146048184e-05,0.000000000000000000e+00,1.007383971123256704e-06,1.989813497075914338e-15,1.469998515244149928e+00,-3.099999999999938360e-01,1.000000000000000000e+00,1.594873085600779396e-05,1.989422142726422308e-15,3.946252796786703557e-17,0.000000000000000000e+00,7.853294195997806028e-21,6.249452954239713287e-15
5.350000000000000000e+02,1.594873116144993812e-05,1.494134714903897985e-05,0.000000000000000000e+00,1.007384012410959958e-06,1.979715327126210295e-15,1.469998515215062307e+00,-3.099999999999938360e-01,1.000000000000000000e+00,1.594873085600779396e-05,1.979212456388554958e-15,4.461870541762809425e-17,0.000000000000000000e+00,7.853294135680213971e-21,6.249452906240498055e-15
5.360000000000000000e+02,1.594872699739110038e-05,1.494134302633749816e-05,0.000000000000000000e+00,1.007383971053602856e-06,1.997202995900879592e-15,1.469998515244199000e+00,-3.099999999999938360e-01,1.000000000000000000e+00,1.594873085600779396e-05,1.996480116143309156e-15,5.373036960763630858e-17,0.000000000000000000e+00,7.853294109241563784e-21,6.249452885201290567e-15
5.370000000000000000e+02,1.594872928471536782e-05,1.494134528954830291e-05,0.000000000000000000e+00,1.007383995167066182e-06,1.959969638077022409e-15,1.469998515227210811e+00,-3.099999999999938360e-01,1.000000000000000000e+00,1.594873085600779396e-05,1.959322111498874049e-15,5.037703359362721140e-17,0.000000000000000000e+00,7.853294114009654751e-21,6.249452888995614491e-15
5.380000000000000000e+02,1.594873083762604398e-05,1.494134685850236585e-05,0.000000000000000000e+00,1.007383979123676862e-06,1.969644384960971691e-15,1.469998515238513548e+00,-3.099999999999938360e-01,1.000000000000000000e+00,1.594873085600779396e-05,1.968819532197926618e-15,5.699695415150267246e-17,0.000000000000000000e+00,7.853294130751878110e-21,6.249452902318653976e-15
5.390000000000000000e+02,1.594873120736798382e-05,1.494134720774055183e-05,0.000000000000000000e+00,1.007383999627433051e-06,1.981157564240087209e-15,1.469998515224068436e+00,-3.099999999999938360e-01,1.000000000000000000e+00,1.594873085600779396e-05,1.980630018707032518e-15,4.571677242129362377e-17,0.000000000000000000e+00,7.853294437371729100e-21,6.249453146318978628e-15
5.400000000000000000e+02,1.594873045237292850e-05,1.494134649502127513e-05,0.000000000000000000e+00,1.007383957351654006e-06,1.964327531474861609e-15,1.469998515253852167e+00,-3.099999999999938360e-01,1.000000000000000000e+00,1.594873085600779396e-05,1.963822925853021226e-15,4.452153122397851911e-17,0.000000000000000000e+00,7.853294180698761722e-21,6.249452942065121963e-15
5.410000000000000000e+02,1.594873087022372071e-05,1.494134688803874354e-05,0.000000000000000000e+00,1.007383982184978659e-06,1.958677370842823516e-15,1.469998515236356829e+00,-3.099999999999938360e-01,1.000000000000000000e+00,1.594873085600779396e-05,1.957965627793004379e-15,5.279813795227288853e-17,0.000000000000000000e+00,7.853294430396268134e-21,6.249453140768083137e-15
5.420000000000000000e+02,1.594873091533734600e-05,1.494134692860280748e-05,0.000000000000000000e+00,1.007383986734540002e-06,1.986437201621615314e-15,1.469998515233151615e+00,-3.099999999999938360e-01,1.000000000000000000e+00,1.594873085600779396e-05,1.985992185196302666e-15,4.204516932839623127e-17,0.000000000000000000e+00,7.853294130349674724e-21,6.249452901998591019e-15
5.430000000000000000e+02,1.594873078298459908e-05,1.494134680337239978e-05,0.000000000000000000e+00,1.007383979612199302e-06,2.038935964733775904e-15,1.469998515238169379e+00,-3.099999999999938360e-01,1.000000000000000000e+00,1.594873085600779396e-05,2.038719241024529021e-15,2.972750409213106773e-17,0.000000000000000000e+00,7.853294144056370684e-21,6.249452912906032705e-15
5.440000000000000000e+02,1.594873083971494243e-05,1.494134684453684407e-05,0.000000000000000000e+00,1.007383995178097304e-06,1.979512114893611169e-15,1.469998515227203040e+00,-3.099999999999938360e-01,1.000000000000000000e+00,1.594873085600779396e-05,1.979017490237540630e-15,4.424913878040624195e-17,0.000000000000000000e+00,7.853294056425792357e-21,6.249452843171834666e-15
5.450000000000000000e+02,1.594873351041390443e-05,1.494135088786308511e-05,0.000000000000000000e+00,1.007382622550820384e-06,2.007545304398795407e-15,1.469998516194233718e+00,-3.099999999999938360e-01,1.000000000000000000e+00,1.594873085600779396e-05,2.006983150303106342e-15,4.750561599848943230e-17,0.000000000000000000e+00,7.853294117754408861e-21,6.249452891975596514e-15
5.460000000000000000e+02,1.594871896350009391e-05,1.494133491606302732e-05,0.000000000000000000e+00,1.007384047437068287e-06,1.984084911197381588e-15,1.469998515190386046e+00,-3.099999999999938360e-01,1.000000000000000000e+00,1.594873085600779396e-05,1.983584927914333491e-15,4.453951650540775071e-17,0.000000000000000000e+00,7.853294102380596343e-21,6.249452879741505356e-15
5.470000000000000000e+02,1.594874444561166245e-05,1.494136035457160978e-05,0.000000000000000000e+00,1.007384091040054152e-06,1.962889125399485860e-15,1.469998515159667285e+00,-3.099999999999938360e-01,1.000000000000000000e+00,1.594873085600779396e-05,1.962049013031511387e-15,5.742289623448224358e-17,0.000000000000000000e+00,7.853294110264515455e-21,6.249452886015328757e-15
5.480000000000000000e+02,1.594880424341375518e-05,1.494142022494921507e-05,0.000000000000000000e+00,1.007384018464540108e-06,1.993775630647410478e-15,1.469998515210797496e+00,-3.099999999999938360e-01,1.000000000000000000e+00,1.594873085600779396e-05,1.993408292618817929e-15,3.827067049756596102e-17,0.000000000000000000e+00,7.853294101633952424e-21,6.249452879147345577e-15
5.490000000000000000e+02,1.594873470308074984e-05,1.494135141736400738e-05,0.000000000000000000e+00,1.007383285716742462e-06,1.991616228280961347e-15,1.469998515727026112e+00,-3.099999999999938360e-01,1.000000000000000000e+00,1.594873085600779396e-05,1.991011692661168301e-15,4.906771216306593383e-17,0.000000000000000000e+00,7.853294119588107826e-21,6.249452893434807751e-15
5.500000000000000000e+02,1.594873102386372697e-05,1.494134702765626674e-05,0.000000000000000000e+00,1.007383996207461293e-06,1.946932525194590098e-15,1.469998515226477842e+00,-3.099999999999938360e-01,1.000000000000000000e+00,1.594873085600779396e-05,1.946137500488576429e-15,5.563350421270312370e-17,0.000000000000000000e+00,7.853294115284274309e-21,6.249452890009925533e-15
5.510000000000000000e+02,1.594872118072416197e-05,1.494133789384536653e-05,0.000000000000000000e+00,1.007383286878794797e-06,1.984153338203868930e-15,1.469998515726207433e+00,-3.099999999999938360e-01,1.000000000000000000e+00,1.594873085600779396e-05,1.983693486843831276e-15,4.271556738759584812e-17,0.000000000000000000e+00,7.853294116479762220e-21,6.249452890961264963e-15
5.520000000000000000e+02,1.594872872465376447e-05,1.494134470032663998e-05,0.000000000000000000e+00,1.007384024327123645e-06,2.032759166128505830e-15,1.469998515206667244e+00,-3.099999999999938360e-01,1.000000000000000000e+00,1.594873085600779396e-05,2.032223166951260010e-15,4.667790831190985132e-17,0.000000000000000000e+00,7.853294111310020067e-21,6.249452886847315899e-15
5.530000000000000000e+02,1.594873132879574723e-05,1.494134731040054524e-05,0.000000000000000000e+00,1.007384018395201355e-06,1.979983780546957487e-15,1.469998515210846346e+00,-3.099999999999938360e-01,1.000000000000000000e+00,1.594873085600779396e-05,1.979305726396068237e-15,5.181324756353425193e-17,0.000000000000000000e+00,7.853294107135658695e-21,6.249452883525462859e-15
5.540000000000000000e+02,1.594873142752919744e-05,1.494134741879570895e-05,0.000000000000000000e+00,1.007384008733489761e-06,1.971243502510752391e-15,1.469998515217653123e+00,-3.099999999999938360e-01,1.000000000000000000e+00,1.594873085600779396e-05,1.970663191799413986e-15,4.782813623935174149e-17,0.000000000000000000e+00,7.853294084465922506e-21,6.249452865485459568e-15
5.550000000000000000e+02,1.594873112830728717e-05,1.494134713911595161e-05,0.000000000000000000e+00,1.007383989191334713e-06,2.021172646309044051e-15,1.469998515231420777e+00,-3.099999999999938360e-01,1.000000000000000000e+00,1.594873085600779396e-05,2.020637490900731728e-15,4.650802610974103721e-17,0.000000000000000000e+00,7.853294104334822412e-21,6.249452881296629457e-15
5.560000000000000000e+02,1.594873152516792193e-05,1.494134753170910733e-05,0.000000000000000000e+00,1.007383993458813968e-06,2.034417216086319587e-15,1.469998515228414293e+00,-3.099999999999938360e-01,1.000000000000000000e+00,1.594873085600779396e-05,2.033522852399857497e-15,6.031764098738849325e-17,0.000000000000000000e+00,7.853294114832068967e-21,6.249452889650072431e-15
5.570000000000000000e+02,1.594872910582561772e-05,1.494134608840807919e-05,0.000000000000000000e+00,1.007383017417539171e-06,2.010691194695149556e-15,1.469998515916045800e+00,-3.099999999999938360e-01,1.000000000000000000e+00,1.594873085600779396e-05,2.010088483537853576e-15,4.922772299654943143e-17,0.000000000000000000e+00,7.853294113351444118e-21,6.249452888471829783e-15
5.580000000000000000e+02,1.594873508467346666e-05,1.494135104346868384e-05,0.000000000000000000e+00,1.007384041204783456e-06,1.980240553424384751e-15,1.469998515194776756e+00,-3.099999999999938360e-01,1.000000000000000000e+00,1.594873085600779396e-05,1.979680326351544932e-15,4.710047580949018925e-17,0.000000000000000000e+00,7.853294095677222635e-21,6.249452874407129307e-15
5.590000000000000000e+02,1.594873076161866055e-05,1.494134723659095988e-05,0.000000000000000000e+00,1.007383525027701723e-06,1.972659750237120186e-15,1.469998515558428975e+00,-3.099999999999938360e-01,1.000000000000000000e+00,1.594873085600779396e-05,1.972008787900277186e-15,5.067376626995506152e-17,0.000000000000000000e+00,7.853294127419146619e-21,6.249452899666550945e-15
5.600000000000000000e+02,1.594873300274308458e-05,1.494134898559062053e-05,0.000000000000000000e+00,1.007384017152463626e-06,1.935246846672536005e-15,1.469998515211721868e+00,-3.099999999999938360e-01,1.000000000000000000e+00,1.594873085600779396e-05,1.934715755307452212e-15,4.533545697832536390e-17,0.000000000000000000e+00,7.853294108997124153e-21,6.249452885006770090e-15
5.610000000000000000e+02,1.594873095536896335e-05,1.494134690489045047e-05,0.000000000000000000e+00,1.007384050478513938e-06,1.979788279016109885e-15,1.469998515188243315e+00,-3.099999999999938360e-01,1.000000000000000000e+00,1.594873085600779396e-05,1.979188900628985938e-15,4.871268104837844776e-17,0.000000000000000000e+00,7.853294057416827758e-21,6.249452843960474691e-15
5.620000000000000000e+02,1.594873314205787313e-05,1.494134959882562686e-05,0.000000000000000000e+00,1.007383543232246904e-06,1.930230010278508731e-15,1.469998515545603679e+00,-3.099999999999938360e-01,1.000000000000000000e+00,1.594873085600779396e-05,1.929616196778421712e-15,4.867469207377240407e-17,0.000000000000000000e+00,7.853294092737416964e-21,6.249452872067707862e-15
5.630000000000000000e+02,1.594873109680941835e-05,1.494134707096945066e-05,0.000000000000000000e+00,1.007384025839967052e-06,1.958633665991275680e-15,1.469998515205601430e+00,-3.099999999999938360e-01,1.000000000000000000e+00,1.594873085600779396e-05,1.957789871258543000e-15,5.748615042083330793e-17,0.000000000000000000e+00,7.853294111226431698e-21,6.249452886780797570e-15
5.640000000000000000e+02,1.594873061426302889e-05,1.494134660052234240e-05,0.000000000000000000e+00,1.007384013740686489e-06,1.976726936808934413e-15,1.469998515214125501e+00,-3.099999999999938360e-01,1.000000000000000000e+00,1.594873085600779396e-05,1.976256755289904887e-15,4.311171320390095474e-17,0.000000000000000000e+00,7.853294136564227853e-21,6.249452906943975022e-15
5.650000000000000000e+02,1.594873086346522111e-05,1.494134687022324863e-05,0.000000000000000000e+00,1.007383993241972899e-06,1.968103783362018565e-15,1.469998515228567060e+00,-3.099999999999938360e-01,1.000000000000000000e+00,1.594873085600779396e-05,1.967357043615019611e-15,5.421037687183987597e-17,0.000000000000000000e+00,7.853294071233051956e-21,6.249452854955078407e-15
5.660000000000000000e+02,1.594873036322033572e-05,1.494134635889552327e-05,0.000000000000000000e+00,1.007384004324811808e-06,1.978252582633360957e-15,1.469998515220759083e+00,-3.099999999999938360e-01,1.000000000000000000e+00,1.594873085600779396e-05,1.977777565405210639e-15,4.334953764142766230e-17,0.000000000000000000e+00,7.853294147680961812e-21,6.249452915790389798e-15
5.670000000000000000e+02,1.594873076214474593e-05,1.494134676732027536e-05,0.000000000000000000e+00,1.007383994824470154e-06,1.967690506847258364e-15,1.469998515227452174e+00,-3.099999999999938360e-01,1.000000000000000000e+00,1.594873085600779396e-05,1.967107122934191266e-15,4.791135123031252341e-17,0.000000000000000000e+00,7.853294064789823234e-21,6.249452849827719181e-15
5.680000000000000000e+02,1.594873151921060708e-05,1.494134752630209115e-05,0.000000000000000000e+00,1.007383992908516991e-06,2.021874013168914529e-15,1.469998515228801983e+00,-3.099999999999938360e-01,1.000000000000000000e+00,1.594873085600779396e-05,2.021338337067424305e-15,4.653871686668515062e-17,0.000000000000000000e+00,7.853294170331422151e-21,6.249452933815054477e-15
5.690000000000000000e+02,1.594873202193140366e-05,1.494134803234925048e-05,0.000000000000000000e+00,1.007383989582152539e-06,1.942852479429104472e-15,1.469998515231145442e+00,-3.099999999999938360e-01,1.000000000000000000e+00,1.594873085600779396e-05,1.942269310385987699e-15,4.759918796455124238e-17,0.000000000000000000e+00,7.853294118166404396e-21,6.249452892303452629e-15
5.700000000000000000e+02,1.594873128619359157e-05,1.494134727017323957e-05,0.000000000000000000e+00,1.007384016020352423e-06,2.033212103298104950e-15,1.469998515212519452e+00,-3.099999999999938360e-01,1.000000000000000000e+00,1.594873085600779396e-05,2.032444160624476481e-15,5.587656825268276745e-17,0.000000000000000000e+00,7.853294109965206382e-21,6.249452885777146406e-15
5.710000000000000000e+02,1.594873204941045690e-05,1.494134805738600619e-05,0.000000000000000000e+00,1.007383992024449223e-06,1.935865603403921831e-15,1.469998515229424818e+00,-3.099999999999938360e-01,1.000000000000000000e+00,1.594873085600779396e-05,1.935240141112274787e-15,4.920600175281408126e-17,0.000000000000000000e+00,7.853294117758063614e-21,6.249452891978505045e-15
5.720000000000000000e+02,1.594873075501083116e-05,1.494134676626011198e-05,0.000000000000000000e+00,1.007383988750718974e-06,1.983146283498395544e-15,1.469998515231731195e+00,-3.099999999999938360e-01,1.000000000000000000e+00,1.594873085600779396e-05,1.982483723506126551e-15,5.125883070367715426e-17,0.000000000000000000e+00,7.853294120977398456e-21,6.249452894540370277e-15
5.730000000000000000e+02,1.594873979519622018e-05,1.494135580912039885e-05,0.000000000000000000e+00,1.007383986075822808e-06,1.999757677313239155e-15,1.469998515233615688e+00,-3.099999999999938360e-01,1.000000000000000000e+00,1.594873085600779396e-05,1.999115192849862285e-15,5.068741094616035688e-17,0.000000000000000000e+00,7.853294125270815400e-21,6.249452897956963145e-15
5.740000000000000000e+02,1.594873026314721820e-05,1.494134627961549252e-05,0.000000000000000000e+00,1.007383983531724411e-06,1.954832613210522854e-15,1.469998515235408032e+00,-3.099999999999938360e-01,1.000000000000000000e+00,1.594873085600779396e-05,1.954300939580912963e-15,4.558928780939960758e-17,0.000000000000000000e+00,7.853294088858965700e-21,6.249452868981334535e-15
5.750000000000000000e+02,1.594873147785124526e-05,1.494134749477589416e-05,0.000000000000000000e+00,1.007383983075350047e-06,1.962685217848085685e-15,1.469998515235729553e+00,-3.099999999999938360e-01,1.000000000000000000e+00,1.594873085600779396e-05,1.962107955394555705e-15,4.759869404837328878e-17,0.000000000000000000e+00,7.853294046796202820e-21,6.249452835508850088e-15
5.760000000000000000e+02,1.594872943665346805e-05,1.494134547299451767e-05,0.000000000000000000e+00,1.007383963658950169e-06,1.991569771372418175e-15,1.469998515249408610e+00,-3.099999999999938360e-01,1.000000000000000000e+00,1.594873085600779396e-05,1.990882246089807899e-15,5.232624950359155217e-17,0.000000000000000000e+00,7.853294156888155791e-21,6.249452923117243111e-15
5.770000000000000000e+02,1.594873122350541498e-05,1.494134723769087113e-05,0.000000000000000000e+00,1.007383985814542154e-06,1.982546483586862660e-15,1.469998515233799763e+00,-3.099999999999938360e-01,1.000000000000000000e+00,1.594873085600779396e-05,1.981944077415698055e-15,4.886955614488074002e-17,0.000000000000000000e+00,7.853294189077361959e-21,6.249452948732599577e-15
5.780000000000000000e+02,1.594873078413070581e-05,1.494134679324151981e-05,0.000000000000000000e+00,1.007383990889186210e-06,1.928764535654998092e-15,1.469998515230224623e+00,-3.099999999999938360e-01,1.000000000000000000e+00,1.594873085600779396e-05,1.928095505940314639e-15,5.079718409053082506e-17,0.000000000000000000e+00,7.853294136865771306e-21,6.249452907183936254e-15
5.790000000000000000e+02,1.594873075935457197e-05,1.494134677881008247e-05,0.000000000000000000e+00,1.007383980544489080e-06,1.962974816208455573e-15,1.469998515237512571e+00,-3.099999999999938360e-01,1.000000000000000000e+00,1.594873085600779396e-05,1.962409302357456384e-15,4.711537995035133353e-17,0.000000000000000000e+00,7.853294131304273938e-21,6.249452902758238038e-15
5.800000000000000000e+02,1.594873084750622253e-05,1.494134685249201657e-05,0.000000000000000000e+00,1.007383995014205958e-06,1.944255823380488801e-15,1.469998515227318503e+00,-3.099999999999938360e-01,1.000000000000000000e+00,1.594873085600779396e-05,1.943694788171495917e-15,4.670414459372555180e-17,0.000000000000000000e+00,7.853294070068231470e-21,6.249452854028141599e-15
5.810000000000000000e+02,1.594872947641109057e-05,1.494134553704620047e-05,0.000000000000000000e+00,1.007383939364891583e-06,1.969904849150283836e-15,1.469998515266524031e+00,-3.099999999999938360e-01,1.000000000000000000e+00,1.594873085600779396e-05,1.969323974171289287e-15,4.783512724272099705e-17,0.000000000000000000e+00,7.853294399065918388e-21,6.249453115836182348e-15
5.820000000000000000e+02,1.594873856585195368e-05,1.494134688978701446e-05,0.000000000000000000e+00,1.007391676064938801e-06,1.956263524144268655e-15,1.469998509815947818e+00,-3.099999999999938360e-01,1.000000000000000000e+00,1.594873085600779396e-05,1.955523752799792375e-15,5.379431263149137367e-17,0.000000000000000000e+00,7.853294097384112654e-21,6.249452875765429457e-15
5.830000000000000000e+02,1.594873123741641325e-05,1.494134747746780757e-05,0.000000000000000000e+00,1.007383759948607380e-06,1.999044268760713972e-15,1.469998515392924698e+00,-3.099999999999938360e-01,1.000000000000000000e+00,1.594873085600779396e-05,1.998503995178717723e-15,4.647332200400101226e-17,0.000000000000000000e+00,7.853294117076221219e-21,6.249452891435913103e-15
5.840000000000000000e+02,1.594873079492212917e-05,1.494134686670405544e-05,0.000000000000000000e+00,1.007383928218072252e-06,1.958006833442882662e-15,1.469998515274377082e+00,-3.099999999999938360e-01,1.000000000000000000e+00,1.594873085600779396e-05,1.957076311288723127e-15,6.035786228714844017e-17,0.000000000000000000e+00,7.853294038566454399e-21,6.249452828959824672e-15
5.850000000000000000e+02,1.594873822170728852e-05,1.494134712953807573e-05,0.000000000000000000e+00,1.007391092169213427e-06,1.960246486776443460e-15,1.469998510227306987e+00,-3.099999999999938360e-01,1.000000000000000000e+00,1.594873085600779396e-05,1.959685111074085588e-15,4.691006600149822186e-17,0.000000000000000000e+00,7.853294167777201196e-21,6.249452931782469947e-15
5.860000000000000000e+02,1.594873088804323055e-05,1.494134701091324769e-05,0.000000000000000000e+00,1.007383877129982440e-06,2.013222896199052675e-15,1.469998515310369180e+00,-3.099999999999938360e-01,1.000000000000000000e+00,1.594873085600779396e-05,2.012686436341067704e-15,4.647298879047014642e-17,0.000000000000000000e+00,7.853294134332895072e-21,6.249452905168335899e-15
5.870000000000000000e+02,1.594873092654793548e-05,1.494134697717684528e-05,0.000000000000000000e+00,1.007383949371089783e-06,2.006211049914029665e-15,1.469998515259474559e+00,-3.099999999999938360e-01,1.000000000000000000e+00,1.594873085600779396e-05,2.005651770112649177e-15,4.736827819834634118e-17,0.000000000000000000e+00,7.853294104812964613e-21,6.249452881677122315e-15
5.880000000000000000e+02,1.594873115455883042e-05,1.494134713131937924e-05,0.000000000000000000e+00,1.007384023239452237e-06,1.970749116651124615e-15,1.469998515207433520e+00,-3.099999999999938360e-01,1.000000000000000000e+00,1.594873085600779396e-05,1.970145713557354308e-15,4.876420891490182239e-17,0.000000000000000000e+00,7.853294119098533425e-21,6.249452893045216960e-15
5.890000000000000000e+02,1.594872985288702704e-05,1.494134577364841337e-05,0.000000000000000000e+00,1.007384079238614090e-06,1.957058947715626930e-15,1.469998515167981523e+00,-3.099999999999938360e-01,1.000000000000000000e+00,1.594873085600779396e-05,1.956307400694813013e-15,5.423171358924781208e-17,0.000000000000000000e+00,7.853294054081324733e-21,6.249452841306166004e-15
5.900000000000000000e+02,1.594873082651530614e-05,1.494134684232108211e-05,0.000000000000000000e+00,1.007383984194223819e-06,1.923433263520910239e-15,1.469998515234941294e+00,-3.099999999999938360e-01,1.000000000000000000e+00,1.594873085600779396e-05,1.922758061085447819e-15,5.096035407995055022e-17,0.000000000000000000e+00,7.853294349923837265e-21,6.249453076730156610e-15
5.910000000000000000e+02,1.594873029537964755e-05,1.494134627987586875e-05,0.000000000000000000e+00,1.007384015503779427e-06,2.010150949210669290e-15,1.469998515212883383e+00,-3.099999999999938360e-01,1.000000000000000000e+00,1.594873085600779396e-05,2.009515952680221488e-15,5.052201970014099606e-17,0.000000000000000000e+00,7.853294148869848899e-21,6.249452916736476992e-15
5.920000000000000000e+02,1.594873079854767074e-05,1.494134682142000034e-05,0.000000000000000000e+00,1.007383977127669132e-06,1.959085421915957447e-15,1.469998515239919756e+00,-3.099999999999938360e-01,1.000000000000000000e+00,1.594873085600779396e-05,1.958680444414150898e-15,3.983223533189563948e-17,0.000000000000000000e+00,7.853294120751679466e-21,6.249452894360749805e-15
5.930000000000000000e+02,1.325932055866987058e-05,1.235375207506956099e-05,0.000000000000000000e+00,9.055684836003095921e-07,2.006186858275689038e-15,1.470072155570693484e+00,-3.099999999999938360e-01,1.000000000000000000e+00,1.325932055866987058e-05,2.005520376672250054e-15,5.170811356835930436e-17,0.000000000000000000e+00,7.853528274853418957e-21,6.249639228274433491e-15
5.940000000000000000e+02,1.325930683594250432e-05,1.235375184398439215e-05,0.000000000000000000e+00,9.055549919581121649e-07,1.943836589994298380e-15,1.470072165595841307e+00,-3.099999999999938360e-01,1.000000000000000000e+00,1.325932055866987058e-05,1.943331512371502535e-15,4.430938459144018474e-17,0.000000000000000000e+00,7.853528269687733294e-21,6.249639224163712446e-15
5.950000000000000000e+02,1.325932293143392959e-05,1.235375404034334685e-05,0.000000000000000000e+00,9.055688910905825263e-07,1.928877629739700682e-15,1.470072155267903469e+00,-3.099999999999938360e-01,1.000000000000000000e+00,1.325932055866987058e-05,1.928226175045173800e-15,5.012712159327247280e-17,0.000000000000000000e+00,7.853528275950133745e-21,6.249639229147172398e-15
5.960000000000000000e+02,1.325932239784909386e-05,1.235375382960172745e-05,0.000000000000000000e+00,9.055685682473671532e-07,1.963083740791612115e-15,1.470072155507795575e+00,-3.099999999999938360e-01,1.000000000000000000e+00,1.325932055866987058e-05,1.962747664233777253e-15,3.632326862444751235e-17,0.000000000000000000e+00,7.853528271110924805e-21,6.249639225296252437e-15
5.970000000000000000e+02,1.325931475717540644e-05,1.235374631008604377e-05,0.000000000000000000e+00,9.055684470893625647e-07,1.942136077133185158e-15,1.470072155597823338e+00,-3.099999999999938360e-01,1.000000000000000000e+00,1.325932055866987058e-05,1.941342925929659928e-15,5.549942327147324732e-17,0.000000000000000000e+00,7.853528272411341292e-21,6.249639226331090428e-15
5.980000000000000000e+02,1.325932056131591681e-05,1.235375203666701331e-05,0.000000000000000000e+00,9.055685246489041269e-07,1.996864702235102689e-15,1.470072155540191883e+00,-3.099999999999938360e-01,1.000000000000000000e+00,1.325932055866987058e-05,1.996373148261476349e-15,4.430453556205899780e-17,0.000000000000000000e+00,7.853527845048077953e-21,6.249638886246210634e-15
5.990000000000000000e+02,1.325933581057899142e-05,1.235377460971082486e-05,0.000000000000000000e+00,9.055612008681660247e-07,2.003568188349457517e-15,1.470072160982217158e+00,-3.099999999999938360e-01,1.000000000000000000e+00,1.325932055866987058e-05,2.003119513613567676e-15,4.239928637127994545e-17,0.000000000000000000e+00,7.853528332790501417e-21,6.249639274379298656e-15
6.000000000000000000e+02,1.325933334253434425e-05,1.235376462621475461e-05,0.000000000000000000e+00,9.055687163195891073e-07,1.976825204179104137e-15,1.470072155397768920e+00,-3.099999999999938360e-01,1.000000000000000000e+00,1.325932055866987058e-05,1.976213655738264897e-15,4.916782168939711777e-17,0.000000000000000000e+00,7.853528253320253773e-21,6.249639211138885260e-15
6.010000000000000000e+02,1.325932222585457142e-05,1.235375365163818924e-05,0.000000000000000000e+00,9.055685742163823921e-07,1.966382575605740400e-15,1.470072155503360234e+00,-3.099999999999938360e-01,1.000000000000000000e+00,1.325932055866987058e-05,1.965595154774815627e-15,5.564279926419782172e-17,0.000000000000000000e+00,7.853528349229950533e-21,6.249639287461397932e-15
6.020000000000000000e+02,1.325931398784050345e-05,1.235375221836692566e-05,0.000000000000000000e+00,9.055617694735785314e-07,1.990450170422523564e-15,1.470072160559707131e+00,-3.099999999999938360e-01,1.000000000000000000e+00,1.325932055866987058e-05,1.989743510654931674e-15,5.303435377153334601e-17,0.000000000000000000e+00,7.853528424620241978e-21,6.249639347455085457e-15
6.030000000000000000e+02,1.325931833032185944e-05,1.235374972108685670e-05,0.000000000000000000e+00,9.055686092350034796e-07,1.950832476476826242e-15,1.470072155477339271e+00,-3.099999999999938360e-01,1.000000000000000000e+00,1.325932055866987058e-05,1.950479983269296856e-15,3.708350146402453456e-17,0.000000000000000000e+00,7.853528158725044826e-21,6.249639135862410826e-15
6.040000000000000000e+02,1.325931892648849627e-05,1.235375037977261421e-05,0.000000000000000000e+00,9.055685467158820665e-07,1.944823484711347196e-15,1.470072155523794777e+00,-3.099999999999938360e-01,1.000000000000000000e+00,1.325932055866987058e-05,1.944206416343325151e-15,4.898772573365369989e-17,0.000000000000000000e+00,7.853528446531719988e-21,6.249639364891685886e-15
6.050000000000000000e+02,1.325931972171405567e-05,1.235375126778191700e-05,0.000000000000000000e+00,9.055684539321394049e-07,1.941239597844223044e-15,1.470072155592738739e+00,-3.099999999999938360e-01,1.000000000000000000e+00,1.325932055866987058e-05,1.940642401170904543e-15,4.814817706153604530e-17,0.000000000000000000e+00,7.853528147091489071e-21,6.249639126604721051e-15
6.060000000000000000e+02,1.325932129290144633e-05,1.235375289630979765e-05,0.000000000000000000e+00,9.055683965916478352e-07,1.946059891075980571e-15,1.470072155635346212e+00,-3.099999999999938360e-01,1.000000000000000000e+00,1.325932055866987058e-05,1.945569255508372254e-15,4.369635698289745764e-17,0.000000000000000000e+00,7.853528665366281796e-21,6.249639539034695766e-15
6.070000000000000000e+02,1.325932058889749491e-05,1.235375209259386629e-05,0.000000000000000000e+00,9.055684963036283027e-07,1.970844044594934869e-15,1.470072155561254146e+00,-3.099999999999938360e-01,1.000000000000000000e+00,1.325932055866987058e-05,1.970475566719041146e-15,3.810890994135308857e-17,0.000000000000000000e+00,7.853528384673087564e-21,6.249639315666150089e-15
6.080000000000000000e+02,1.325932103630799041e-05,1.235375257522618216e-05,0.000000000000000000e+00,9.055684610818088815e-07,1.975566961689198534e-15,1.470072155587426099e+00,-3.099999999999938360e-01,1.000000000000000000e+00,1.325932055866987058e-05,1.975287220481043341e-15,3.324479899904121603e-17,0.000000000000000000e+00,7.853528355242685763e-21,6.249639292246180110e-15
6.090000000000000000e+02,1.325932073664884851e-05,1.235375223625820121e-05,0.000000000000000000e+00,9.055685003906479294e-07,1.954310064817112447e-15,1.470072155558217242e+00,-3.099999999999938360e-01,1.000000000000000000e+00,1.325932055866987058e-05,1.953608193944479000e-15,5.237226304810549389e-17,0.000000000000000000e+00,7.853528294666849071e-21,6.249639244041461090e-15
6.100000000000000000e+02,1.325931664147354897e-05,1.235374817934436077e-05,0.000000000000000000e+00,9.055684621291879907e-07,1.978349797065226341e-15,1.470072155586647833e+00,-3.099999999999938360e-01,1.000000000000000000e+00,1.325932055866987058e-05,1.977463539567274042e-15,5.921038057985785153e-17,0.000000000000000000e+00,7.853528268783587426e-21,6.249639223444215291e-15
6.110000000000000000e+02,1.325931882051018861e-05,1.235375033684861991e-05,0.000000000000000000e+00,9.055684836615686030e-07,1.992165160324554603e-15,1.470072155570647965e+00,-3.099999999999938360e-01,1.000000000000000000e+00,1.325932055866987058e-05,1.991652790984906863e-15,4.517948772741062906e-17,0.000000000000000000e+00,7.853528273604612879e-21,6.249639227280665966e-15
6.120000000000000000e+02,1.325932040658222838e-05,1.235375193718204837e-05,0.000000000000000000e+00,9.055684694001801140e-07,2.047788099010228882e-15,1.470072155581245044e+00,-3.099999999999938360e-01,1.000000000000000000e+00,1.325932055866987058e-05,2.047110268956700883e-15,5.268439160009450827e-17,0.000000000000000000e+00,7.853528290266722066e-21,6.249639240539951290e-15
6.130000000000000000e+02,1.325932096299636386e-05,1.235375247556841402e-05,0.000000000000000000e+00,9.055684874279497309e-07,1.980143541468567541e-15,1.470072155567849315e+00,-3.099999999999938360e-01,1.000000000000000000e+00,1.325932055866987058e-05,1.979584222229372729e-15,4.706115020410867823e-17,0.000000000000000000e+00,7.853528596959632005e-21,6.249639484598414201e-15
6.140000000000000000e+02,1.325932031695970172e-05,1.235375186822082878e-05,0.000000000000000000e+00,9.055684487388725145e-07,1.955046560822188617e-15,1.470072155596597652e+00,-3.099999999999938360e-01,1.000000000000000000e+00,1.325932055866987058e-05,1.954266251289320956e-15,5.523109624635161023e-17,0.000000000000000000e+00,7.853528340810643961e-21,6.249639280761525745e-15
6.150000000000000000e+02,1.325932058688131594e-05,1.235375211560720937e-05,0.000000000000000000e+00,9.055684712741072079e-07,1.956171415276042285e-15,1.470072155579852602e+00,-3.099999999999938360e-01,1.000000000000000000e+00,1.325932055866987058e-05,1.955669631168171017e-15,4.430462287332381942e-17,0.000000000000000000e+00,7.853528589979821145e-21,6.249639479044057189e-15
6.160000000000000000e+02,1.325932060649613244e-05,1.235375213024391159e-05,0.000000000000000000e+00,9.055684762522207418e-07,1.967293682535711134e-15,1.470072155576153561e+00,-3.099999999999938360e-01,1.000000000000000000e+00,1.325932055866987058e-05,1.966505936937915721e-15,5.566716510809411469e-17,0.000000000000000000e+00,7.853528289891465149e-21,6.249639240241330361e-15
6.170000000000000000e+02,1.325932044746046532e-05,1.235375197843710316e-05,0.000000000000000000e+00,9.055684690233627902e-07,1.957546579096142751e-15,1.470072155581525042e+00,-3.099999999999938360e-01,1.000000000000000000e+00,1.325932055866987058e-05,1.956863447879691160e-15,5.171127170879120317e-17,0.000000000000000000e+00,7.853528303520743239e-21,6.249639251087166743e-15
6.180000000000000000e+02,1.325932057856245629e-05,1.235375209443083681e-05,0.000000000000000000e+00,9.055684841316191610e-07,1.971529336096506829e-15,1.470072155570298689e+00,-3.099999999999938360e-01,1.000000000000000000e+00,1.325932055866987058e-05,1.970688618058468884e-15,5.756990257294023337e-17,0.000000000000000000e+00,7.853528215907946661e-21,6.249639181367117714e-15
6.190000000000000000e+02,1.325932501396871372e-05,1.235375783130090699e-05,0.000000000000000000e+00,9.055671826678059871e-07,2.005925982560222993e-15,1.470072156537365782e+00,-3.099999999999938360e-01,1.000000000000000000e+00,1.325932055866987058e-05,2.005453445445134929e-15,4.353763430362056358e-17,0.000000000000000000e+00,7.853528277361100115e-21,6.249639230269983368e-15
6.200000000000000000e+02,1.325932153087888330e-05,1.235375299680565915e-05,0.000000000000000000e+00,9.055685340732242557e-07,1.955718938844030790e-15,1.470072155533189040e+00,-3.099999999999938360e-01,1.000000000000000000e+00,1.325932055866987058e-05,1.955278957503247625e-15,4.148211706937147423e-17,0.000000000000000000e+00,7.853528261973059790e-21,6.249639218024570478e-15
6.210000000000000000e+02,1.325930261565089072e-05,1.235373403952980249e-05,0.000000000000000000e+00,9.055685761210883341e-07,2.000952609538758774e-15,1.470072155501944922e+00,-3.099999999999938360e-01,1.000000000000000000e+00,1.325932055866987058e-05,2.000444658682020277e-15,4.508340170023578709e-17,0.000000000000000000e+00,7.853528269777022717e-21,6.249639224234766725e-15
6.220000000000000000e+02,1.325938666230950219e-05,1.235381815528674786e-05,0.000000000000000000e+00,9.055685070227540172e-07,2.002185596234037896e-15,1.470072155553289184e+00,-3.099999999999938360e-01,1.000000000000000000e+00,1.325932055866987058e-05,2.001805068982326618e-15,3.903367138810838810e-17,0.000000000000000000e+00,7.853528261170103485e-21,6.249639217385597089e-15
6.230000000000000000e+02,1.325932116826561679e-05,1.235375335581493938e-05,0.000000000000000000e+00,9.055678124506769880e-07,1.949878646153974418e-15,1.470072156069398561e+00,-3.099999999999938360e-01,1.000000000000000000e+00,1.325932055866987058e-05,1.949453460788060135e-15,4.071779570449856854e-17,0.000000000000000000e+00,7.853528279126294655e-21,6.249639231674681161e-15
6.240000000000000000e+02,1.325932455946727344e-05,1.235375607524929387e-05,0.000000000000000000e+00,9.055684842179793580e-07,2.045632627447965938e-15,1.470072155570234518e+00,-3.099999999999938360e-01,1.000000000000000000e+00,1.325932055866987058e-05,2.044940763479460660e-15,5.319887478163012458e-17,0.000000000000000000e+00,7.853528274863304394e-21,6.249639228282300801e-15
6.250000000000000000e+02,1.325931276801635365e-05,1.235374495538070457e-05,0.000000000000000000e+00,9.055678126356491843e-07,1.995638028479735447e-15,1.470072156069261116e+00,-3.099999999999938360e-01,1.000000000000000000e+00,1.325932055866987058e-05,1.995335695885834968e-15,3.473616813351357608e-17,0.000000000000000000e+00,7.853528276140898611e-21,6.249639229298976847e-15
6.260000000000000000e+02,1.325931970848020094e-05,1.235375119664577769e-05,0.000000000000000000e+00,9.055685118344225064e-07,1.922626530738000359e-15,1.470072155549713822e+00,-3.099999999999938360e-01,1.000000000000000000e+00,1.325932055866987058e-05,1.922234652508501977e-15,3.881645696711554514e-17,0.000000000000000000e+00,7.853528270865073829e-21,6.249639225100610200e-15
6.270000000000000000e+02,1.325932047813884501e-05,1.235375197137158630e-05,0.000000000000000000e+00,9.055685067672592342e-07,1.968458173336422883e-15,1.470072155553479032e+00,-3.099999999999938360e-01,1.000000000000000000e+00,1.325932055866987058e-05,1.967966708334441396e-15,4.398425855453819495e-17,0.000000000000000000e+00,7.853528266632350762e-21,6.249639221732316129e-15
6.280000000000000000e+02,1.325932086195984123e-05,1.235375236488972911e-05,0.000000000000000000e+00,9.055684970701126518e-07,1.977317133058758142e-15,1.470072155560684601e+00,-3.099999999999938360e-01,1.000000000000000000e+00,1.325932055866987058e-05,1.976896838092133604e-15,4.076685132988053080e-17,0.000000000000000000e+00,7.853528244003581209e-21,6.249639203724913304e-15
6.290000000000000000e+02,1.325932057143107245e-05,1.235375209254800285e-05,0.000000000000000000e+00,9.055684788830696064e-07,1.986525388546928073e-15,1.470072155574198680e+00,-3.099999999999938360e-01,1.000000000000000000e+00,1.325932055866987058e-05,1.985909387294644983e-15,4.946741083636040557e-17,0.000000000000000000e+00,7.853528263990590273e-21,6.249639219630070448e-15
6.300000000000000000e+02,1.325932086645387279e-05,1.235375238399507223e-05,0.000000000000000000e+00,9.055684824588008762e-07,2.023303943786592735e-15,1.470072155571541694e+00,-3.099999999999938360e-01,1.000000000000000000e+00,1.325932055866987058e-05,2.022702074199147948e-15,4.934742051178706395e-17,0.000000000000000000e+00,7.853528274437887534e-21,6.249639227943765088e-15
6.310000000000000000e+02,1.325931884171714245e-05,1.235375128431167518e-05,0.000000000000000000e+00,9.055675574054669500e-07,2.041463790082386220e-15,1.470072156258912743e+00,-3.099999999999938360e-01,1.000000000000000000e+00,1.325932055866987058e-05,2.041030486084700574e-15,4.205901839932287688e-17,0.000000000000000000e+00,7.853528272901795903e-21,6.249639226721381728e-15
6.320000000000000000e+02,1.325932576994143141e-05,1.235375724173054262e-05,0.000000000000000000e+00,9.055685282108895342e-07,2.059537464782789120e-15,1.470072155537545111e+00,-3.099999999999938360e-01,1.000000000000000000e+00,1.325932055866987058e-05,2.058832918310319733e-15,5.386634630317282328e-17,0.000000000000000000e+00,7.853528255243550610e-21,6.249639212669396112e-15
6.330000000000000000e+02,1.325932064916465991e-05,1.235375261039112088e-05,0.000000000000000000e+00,9.055680387735381799e-07,2.021504942963440901e-15,1.470072155901226862e+00,-3.099999999999938360e-01,1.000000000000000000e+00,1.325932055866987058e-05,2.021059636097868584e-15,4.242854817099582564e-17,0.000000000000000000e+00,7.853528286990012567e-21,6.249639237932428366e-15
6.340000000000000000e+02,1.325932060243127384e-05,1.235375209722865779e-05,0.000000000000000000e+00,9.055685052026153153e-07,1.977773955865292718e-15,1.470072155554641657e+00,-3.099999999999938360e-01,1.000000000000000000e+00,1.325932055866987058e-05,1.977091416579235721e-15,5.195527813496997282e-17,0.000000000000000000e+00,7.853528268554815537e-21,6.249639223262164338e-15
6.350000000000000000e+02,1.325932067261132641e-05,1.235375213614332497e-05,0.000000000000000000e+00,9.055685364680020733e-07,1.930626327137491836e-15,1.470072155531409575e+00,-3.099999999999938360e-01,1.000000000000000000e+00,1.325932055866987058e-05,1.929980644943994956e-15,4.992719816178759535e-17,0.000000000000000000e+00,7.853528217002169778e-21,6.249639182237873425e-15
6.360000000000000000e+02,1.325932209818836462e-05,1.235375404213173156e-05,0.000000000000000000e+00,9.055680560566335932e-07,1.931562014284152713e-15,1.470072155888384469e+00,-3.099999999999938360e-01,1.000000000000000000e+00,1.325932055866987058e-05,1.930631810414255756e-15,5.993853168328356492e-17,0.000000000000000000e+00,7.853528252363003396e-21,6.249639210377129616e-15
6.370000000000000000e+02,1.325932049297419001e-05,1.235375197966118436e-05,0.000000000000000000e+00,9.055685133130050191e-07,1.976011482547883922e-15,1.470072155548615145e+00,-3.099999999999938360e-01,1.000000000000000000e+00,1.325932055866987058e-05,1.975390161253285318e-15,4.954886399431735314e-17,0.000000000000000000e+00,7.853528270812917239e-21,6.249639225059105072e-15
6.380000000000000000e+02,1.325932094216064593e-05,1.235375244004398944e-05,0.000000000000000000e+00,9.055685021166570245e-07,1.958637791266487602e-15,1.470072155556934712e+00,-3.099999999999938360e-01,1.000000000000000000e+00,1.325932055866987058e-05,1.957599529164257273e-15,6.376582730166595760e-17,0.000000000000000000e+00,7.853528296064648399e-21,6.249639245153794410e-15
6.390000000000000000e+02,1.325932056221140343e-05,1.235375207983358430e-05,0.000000000000000000e+00,9.055684823778194442e-07,1.966603799044701822e-15,1.470072155571601868e+00,-3.099999999999938360e-01,1.000000000000000000e+00,1.325932055866987058e-05,1.966024475960919681e-15,4.773114578519457381e-17,0.000000000000000000e+00,7.853528230997183469e-21,6.249639193374750572e-15
6.400000000000000000e+02,1.325932023223081474e-05,1.235375173985582827e-05,0.000000000000000000e+00,9.055684923749856259e-07,1.971781495856418156e-15,1.470072155564173366e+00,-3.099999999999938360e-01,1.000000000000000000e+00,1.325932055866987058e-05,1.970834558633923739e-15,6.110163528354985078e-17,0.000000000000000000e+00,7.853528307246933189e-21,6.249639254052374190e-15
6.410000000000000000e+02,1.325932056885370197e-05,1.235375208472357665e-05,0.000000000000000000e+00,9.055684841301249948e-07,1.956316727279452638e-15,1.470072155570299799e+00,-3.099999999999938360e-01,1.000000000000000000e+00,1.325932055866987058e-05,1.955760123168847581e-15,4.666345459013013759e-17,0.000000000000000000e+00,7.853528224331422570e-21,6.249639188070306273e-15
6.420000000000000000e+02,1.325932073095413758e-05,1.235375224896389363e-05,0.000000000000000000e+00,9.055684819902443785e-07,1.957430450349411202e-15,1.470072155571889860e+00,-3.099999999999938360e-01,1.000000000000000000e+00,1.325932055866987058e-05,1.956718351626401503e-15,5.279451014906024030e-17,0.000000000000000000e+00,7.853528329945969093e-21,6.249639272115693054e-15
6.430000000000000000e+02,1.325932197661782026e-05,1.235375349785457871e-05,0.000000000000000000e+00,9.055684787632411259e-07,1.964003855223207858e-15,1.470072155574287720e+00,-3.099999999999938360e-01,1.000000000000000000e+00,1.325932055866987058e-05,1.963319582890295044e-15,5.183974063807687215e-17,0.000000000000000000e+00,7.853528277741417112e-21,6.249639230572629855e-15
6.440000000000000000e+02,1.325931990801255901e-05,1.235375140370492305e-05,0.000000000000000000e+00,9.055685043076365975e-07,1.999152015503140007e-15,1.470072155555306681e+00,-3.099999999999938360e-01,1.000000000000000000e+00,1.325932055866987058e-05,1.998760093096631028e-15,3.958372484917470224e-17,0.000000000000000000e+00,7.853528269498512182e-21,6.249639224013134676e-15
6.450000000000000000e+02,1.325932296473931928e-05,1.235375448365271887e-05,0.000000000000000000e+00,9.055684810865997724e-07,2.042955127793098961e-15,1.470072155572561323e+00,-3.099999999999938360e-01,1.000000000000000000e+00,1.325932055866987058e-05,2.042274327086993808e-15,5.273734005242057088e-17,0.000000000000000000e+00,7.853528277339115926e-21,6.249639230252488800e-15
6.460000000000000000e+02,1.325932039478111294e-05,1.235375191686474001e-05,0.000000000000000000e+00,9.055684779163731383e-07,2.024859004454502795e-15,1.470072155574916994e+00,-3.099999999999938360e-01,1.000000000000000000e+00,1.325932055866987058e-05,2.024105410936779530e-15,5.523833157557650686e-17,0.000000000000000000e+00,7.853528280467289582e-21,6.249639232741811173e-15
6.470000000000000000e+02,1.325932893229043380e-05,1.235376045740144980e-05,0.000000000000000000e+00,9.055684748889844230e-07,1.986917747921091152e-15,1.470072155577166528e+00,-3.099999999999938360e-01,1.000000000000000000e+00,1.325932055866987058e-05,1.986185106963035920e-15,5.395236621666186867e-17,0.000000000000000000e+00,7.853528284856032536e-21,6.249639236234260906e-15
6.480000000000000000e+02,1.325931939141408643e-05,1.235375091859117334e-05,0.000000000000000000e+00,9.055684728229134106e-07,2.020003946284066531e-15,1.470072155578701745e+00,-3.099999999999938360e-01,1.000000000000000000e+00,1.325932055866987058e-05,2.019183508726232967e-15,5.756649224629828464e-17,0.000000000000000000e+00,7.853528248280009345e-21,6.249639207127987463e-15
6.490000000000000000e+02,1.325932115609385668e-05,1.235375268456545049e-05,0.000000000000000000e+00,9.055684715284066157e-07,2.047976335791238206e-15,1.470072155579663642e+00,-3.099999999999938360e-01,1.000000000000000000e+00,1.325932055866987058e-05,2.047409788876045489e-15,4.816874831022975970e-17,0.000000000000000000e+00,7.853528206291737824e-21,6.249639173714781969e-15
6.500000000000000000e+02,1.325931931993895776e-05,1.235375086619597341e-05,0.000000000000000000e+00,9.055684537429837129e-07,1.995105633549657717e-15,1.470072155592879293e+00,-3.099999999999938360e-01,1.000000000000000000e+00,1.325932055866987058e-05,1.994773456704418432e-15,3.640529339818033094e-17,0.000000000000000000e+00,7.853528316504229935e-21,6.249639261419098111e-15
6.510000000000000000e+02,1.325932104764024261e-05,1.235375257255552794e-05,0.000000000000000000e+00,9.055684750847142553e-07,2.027028901748784252e-15,1.470072155577021089e+00,-3.099999999999938360e-01,1.000000000000000000e+00,1.325932055866987058e-05,2.026369086892724617e-15,5.171549234755460545e-17,0.000000000000000000e+00,7.853528348784371594e-21,6.249639287106817577e-15
6.520000000000000000e+02,1.325932049551015583e-05,1.235375201544105206e-05,0.000000000000000000e+00,9.055684800691031386e-07,1.988656652293299970e-15,1.470072155573317385e+00,-3.099999999999938360e-01,1.000000000000000000e+00,1.325932055866987058e-05,1.987683054146111149e-15,6.222022909877865200e-17,0.000000000000000000e+00,7.853528296805189528e-21,6.249639245743097172e-15
6.530000000000000000e+02,1.325932044514272398e-05,1.235375197501251677e-05,0.000000000000000000e+00,9.055684701302078474e-07,2.034224122327610420e-15,1.470072155580702589e+00,-3.099999999999938360e-01,1.000000000000000000e+00,1.325932055866987058e-05,2.033611093944144906e-15,4.993694409109335378e-17,0.000000000000000000e+00,7.853528290641524584e-21,6.249639240838210132e-15
6.540000000000000000e+02,1.325932052356859485e-05,1.235375203976807378e-05,0.000000000000000000e+00,9.055684838005218169e-07,2.018373579173265335e-15,1.470072155570544714e+00,-3.099999999999938360e-01,1.000000000000000000e+00,1.325932055866987058e-05,2.017550054868646186e-15,5.765137589461298157e-17,0.000000000000000000e+00,7.853528229835948523e-21,6.249639192450670230e-15
6.550000000000000000e+02,1.325931934082301417e-05,1.235375091419624125e-05,0.000000000000000000e+00,9.055684266267732357e-07,1.989448422172705063e-15,1.470072155613028286e+00,-3.099999999999938360e-01,1.000000000000000000e+00,1.325932055866987058e-05,1.988813814680888577e-15,5.024574567303820112e-17,0.000000000000000000e+00,7.853528558749716053e-21,6.249639454191929170e-15
6.560000000000000000e+02,1.325932791270413920e-05,1.235375214681185571e-05,0.000000000000000000e+00,9.055757658922829593e-07,1.951925162058660161e-15,1.470072150159518642e+00,-3.099999999999938360e-01,1.000000000000000000e+00,1.325932055866987058e-05,1.951239916441225352e-15,5.171679323477433079e-17,0.000000000000000000e+00,7.853528256861944149e-21,6.249639213957273860e-15
6.570000000000000000e+02,1.325932099279702599e-05,1.235375273553726406e-05,0.000000000000000000e+00,9.055682572597621405e-07,1.980966831503178104e-15,1.470072155738878283e+00,-3.099999999999938360e-01,1.000000000000000000e+00,1.325932055866987058e-05,1.980490970519465483e-15,4.341777452759141581e-17,0.000000000000000000e+00,7.853528276808147572e-21,6.249639229829957544e-15
6.580000000000000000e+02,1.325932059196845860e-05,1.235375216973948244e-05,0.000000000000000000e+00,9.055684222289765854e-07,1.948438024534795436e-15,1.470072155616296117e+00,-3.099999999999938360e-01,1.000000000000000000e+00,1.325932055866987058e-05,1.947734054999911902e-15,5.237161812448993294e-17,0.000000000000000000e+00,7.853528198152478017e-21,6.249639167237764565e-15
6.590000000000000000e+02,1.325932744280557626e-05,1.235375223009145915e-05,0.000000000000000000e+00,9.055752127141178431e-07,2.011152544061859284e-15,1.470072150570562064e+00,-3.099999999999938360e-01,1.000000000000000000e+00,1.325932055866987058e-05,2.010486989985337251e-15,5.173604666487233517e-17,0.000000000000000000e+00,7.853528327201935705e-21,6.249639269932060593e-15
6.600000000000000000e+02,1.325932051252435079e-05,1.235375214004303925e-05,0.000000000000000000e+00,9.055683724813114365e-07,1.956937025748396233e-15,1.470072155653261659e+00,-3.099999999999938360e-01,1.000000000000000000e+00,1.325932055866987058e-05,1.956320815161986727e-15,4.910591458511373738e-17,0.000000000000000000e+00,7.853528293772170352e-21,6.249639243329498346e-15
6.610000000000000000e+02,1.325932066626559104e-05,1.235375222775696689e-05,0.000000000000000000e+00,9.055684385086237239e-07,2.058748722979644400e-15,1.470072155604199349e+00,-3.099999999999938360e-01,1.000000000000000000e+00,1.325932055866987058e-05,2.058317212882167606e-15,4.214920475673510437e-17,0.000000000000000000e+00,7.853528264361363384e-21,6.249639219925121781e-15
6.620000000000000000e+02,1.325932070222118251e-05,1.235375219369504295e-05,0.000000000000000000e+00,9.055685085261389251e-07,2.021868658128290734e-15,1.470072155552172077e+00,-3.099999999999938360e-01,1.000000000000000000e+00,1.325932055866987058e-05,2.021258422084451662e-15,4.967153926031346809e-17,0.000000000000000000e+00,7.853528278767900157e-21,6.249639231389478756e-15
6.630000000000000000e+02,1.325931978053422242e-05,1.235375120995692248e-05,0.000000000000000000e+00,9.055685705773001518e-07,1.999968478470843536e-15,1.470072155506064293e+00,-3.099999999999938360e-01,1.000000000000000000e+00,1.325932055866987058e-05,1.999216189374595875e-15,5.485018648850483826e-17,0.000000000000000000e+00,7.853528213301238097e-21,6.249639179292763787e-15
6.640000000000000000e+02,1.325932056053566055e-05,1.235375208800200921e-05,0.000000000000000000e+00,9.055684725336514474e-07,1.985374582137444772e-15,1.470072155578916684e+00,-3.099999999999938360e-01,1.000000000000000000e+00,1.325932055866987058e-05,1.984378424294702341e-15,6.288481954676937716e-17,0.000000000000000000e+00,7.853528509321036994e-21,6.249639414857836644e-15
6.650000000000000000e+02,1.325932007603054636e-05,1.235375157222194664e-05,0.000000000000000000e+00,9.055685038086000427e-07,2.046027635343865129e-15,1.470072155555677496e+00,-3.099999999999938360e-01,1.000000000000000000e+00,1.325932055866987058e-05,2.045461112178596085e-15,4.814481378333672605e-17,0.000000000000000000e+00,7.853528308066682701e-21,6.249639254704709305e-15
6.660000000000000000e+02,1.325932054715973976e-05,1.235375207977154422e-05,0.000000000000000000e+00,9.055684673881962846e-07,2.015879465317582807e-15,1.470072155582740070e+00,-3.099999999999938360e-01,1.000000000000000000e+00,1.325932055866987058e-05,2.015000093170637268e-15,5.953690577909553912e-17,0.000000000000000000e+00,7.853528280527038549e-21,6.249639232789357397e-15
